[
  {
    "id": "06c5f8f1-af06-425b-9b67-f2ccc6054771",
    "data": [
      {
        "text": "see you soon",
        "userDefined": false
      }
    ],
    "isTemplate": false,
    "count": 0,
    "updated": 0
  },
  {
    "id": "b77d7316-cc07-46b8-bd08-1959410928d0",
    "data": [
      {
        "text": "goodbye for now",
        "userDefined": false
      }
    ],
    "isTemplate": false,
    "count": 1,
    "updated": 0
  },
  {
    "id": "fc8bc1a9-3b14-4b8e-aa33-d31790e2138e",
    "data": [
      {
        "text": "bye-bye",
        "userDefined": false
      }
    ],
    "isTemplate": false,
    "count": 0,
    "updated": 0
  },
  {
    "id": "5dfb2322-890a-456c-a12c-6b9e47f6640d",
    "data": [
      {
        "text": "bye bye take care",
        "userDefined": false
      }
    ],
    "isTemplate": false,
    "count": 0,
    "updated": 0
  },
  {
    "id": "8b3044e0-5f51-4f85-8f73-5e96c785a4d8",
    "data": [
      {
        "text": "bye",
        "userDefined": false
      }
    ],
    "isTemplate": false,
    "count": 0,
    "updated": 0
  },
  {
    "id": "a1979e24-ce0f-4cad-9c44-e0bb3e07c2eb",
    "data": [
      {
        "text": "I ",
        "userDefined": false
      },
      {
        "text": "must",
        "meta": "@sys.ignore",
        "userDefined": true
      },
      {
        "text": " go",
        "userDefined": false
      }
    ],
    "isTemplate": false,
    "count": 0,
    "updated": 0
  },
  {
    "id": "599ee81c-b81f-4c8e-b65a-e914d4a05b2b",
    "data": [
      {
        "text": "talk to you later",
        "userDefined": false
      }
    ],
    "isTemplate": false,
    "count": 0,
    "updated": 0
  },
  {
    "id": "fba3db06-0723-485c-a352-ad4918a6eb8c",
    "data": [
      {
        "text": "see you",
        "userDefined": false
      }
    ],
    "isTemplate": false,
    "count": 1,
    "updated": 0
  },
  {
    "id": "c8f0522c-c080-40ca-8043-577f7cc41543",
    "data": [
      {
        "text": "goodbye",
        "userDefined": false
      }
    ],
    "isTemplate": false,
    "count": 0,
    "updated": 0
  },
  {
    "id": "9ebae13c-8c3e-42f4-ab72-9111f9d277b0",
    "data": [
      {
        "text": "that\u0027s ",
        "userDefined": false
      },
      {
        "text": "it",
        "meta": "@sys.ignore",
        "userDefined": true
      },
      {
        "text": " goodbye",
        "userDefined": false
      }
    ],
    "isTemplate": false,
    "count": 1,
    "updated": 0
  },
  {
    "id": "46ddc0b0-2bd5-421c-a84c-51de4dfe00b4",
    "data": [
      {
        "text": "leave",
        "meta": "@sys.ignore",
        "userDefined": true
      },
      {
        "text": " me alone",
        "userDefined": false
      }
    ],
    "isTemplate": false,
    "count": 1,
    "updated": 0
  },
  {
    "id": "a5cd64ba-4079-449e-ba17-ec2dbb07f3cb",
    "data": [
      {
        "text": "ok bye",
        "userDefined": false
      }
    ],
    "isTemplate": false,
    "count": 0,
    "updated": 0
  },
  {
    "id": "d8723521-036c-48e0-b7ae-3c073abed3a9",
    "data": [
      {
        "text": "bye for now",
        "userDefined": false
      }
    ],
    "isTemplate": false,
    "count": 1,
    "updated": 0
  },
  {
    "id": "8de8c8a4-d932-470b-a8d1-b3033cb779ab",
    "data": [
      {
        "text": "thanks bye bye",
        "userDefined": false
      }
    ],
    "isTemplate": false,
    "count": 0,
    "updated": 0
  },
  {
    "id": "8996e0d0-e79b-4ec0-aa80-18a43190613e",
    "data": [
      {
        "text": "hope",
        "meta": "@sys.ignore",
        "userDefined": true
      },
      {
        "text": " to see you later",
        "userDefined": false
      }
    ],
    "isTemplate": false,
    "count": 0,
    "updated": 0
  },
  {
    "id": "473ea9c5-68a6-4c64-b9b7-1bf88fd015ba",
    "data": [
      {
        "text": "goodbye see you later",
        "userDefined": false
      }
    ],
    "isTemplate": false,
    "count": 1,
    "updated": 0
  },
  {
    "id": "fea2ac5b-aae9-433a-bc20-c441d54379b7",
    "data": [
      {
        "text": "go to bed",
        "userDefined": false
      }
    ],
    "isTemplate": false,
    "count": 0,
    "updated": 0
  },
  {
    "id": "e0dbca6d-7037-42d9-b674-357bd5af46ba",
    "data": [
      {
        "text": "now bye",
        "userDefined": false
      }
    ],
    "isTemplate": false,
    "count": 0,
    "updated": 0
  },
  {
    "id": "a447d5bd-8fd0-46cc-b32a-aa226465229b",
    "data": [
      {
        "text": "good",
        "meta": "@sys.ignore",
        "userDefined": true
      },
      {
        "text": " bye",
        "userDefined": false
      }
    ],
    "isTemplate": false,
    "count": 0,
    "updated": 0
  },
  {
    "id": "f04e052b-ab20-4aed-a09a-c2374b859b48",
    "data": [
      {
        "text": "never mind bye",
        "userDefined": false
      }
    ],
    "isTemplate": false,
    "count": 0,
    "updated": 0
  },
  {
    "id": "1edb9bb1-d697-4984-b909-f8f15edc80b8",
    "data": [
      {
        "text": "alright bye",
        "userDefined": false
      }
    ],
    "isTemplate": false,
    "count": 0,
    "updated": 0
  },
  {
    "id": "6679b4e3-8953-4cad-8947-6ad5ece154a5",
    "data": [
      {
        "text": "bye bye see you",
        "userDefined": false
      }
    ],
    "isTemplate": false,
    "count": 0,
    "updated": 0
  },
  {
    "id": "d6ae9954-cfab-4190-8d79-a808b4823f4c",
    "data": [
      {
        "text": "okay bye",
        "userDefined": false
      }
    ],
    "isTemplate": false,
    "count": 0,
    "updated": 0
  },
  {
    "id": "920d1aab-4adc-4f52-bf65-9d051e6c2987",
    "data": [
      {
        "text": "till next time",
        "userDefined": false
      }
    ],
    "isTemplate": false,
    "count": 0,
    "updated": 0
  },
  {
    "id": "697747a7-7d1a-4a4a-ab6f-142afb616ba7",
    "data": [
      {
        "text": "okay",
        "meta": "@sys.ignore",
        "userDefined": true
      },
      {
        "text": " ",
        "userDefined": false
      },
      {
        "text": "thank you",
        "meta": "@sys.ignore",
        "userDefined": true
      },
      {
        "text": " bye",
        "userDefined": false
      }
    ],
    "isTemplate": false,
    "count": 1,
    "updated": 0
  },
  {
    "id": "9b5d0151-29c5-4e16-b41c-752bc61a66df",
    "data": [
      {
        "text": "I said bye",
        "userDefined": false
      }
    ],
    "isTemplate": false,
    "count": 0,
    "updated": 0
  },
  {
    "id": "c76db9db-ab58-4e0b-920d-f71e39f9cbd2",
    "data": [
      {
        "text": "see you tomorrow",
        "userDefined": false
      }
    ],
    "isTemplate": false,
    "count": 0,
    "updated": 0
  },
  {
    "id": "17d89c51-2c56-4ebd-8940-30b545a21d6d",
    "data": [
      {
        "text": "that\u0027s ",
        "userDefined": false
      },
      {
        "text": "all",
        "meta": "@sys.ignore",
        "userDefined": true
      },
      {
        "text": " goodbye",
        "userDefined": false
      }
    ],
    "isTemplate": false,
    "count": 0,
    "updated": 0
  },
  {
    "id": "86643f54-8e60-4631-b889-f0ad94ca813e",
    "data": [
      {
        "text": "bye bye see you soon",
        "userDefined": false
      }
    ],
    "isTemplate": false,
    "count": 0,
    "updated": 0
  },
  {
    "id": "19d51bf1-2595-47ac-9af8-786ce2de7001",
    "data": [
      {
        "text": "you can go now",
        "userDefined": false
      }
    ],
    "isTemplate": false,
    "count": 0,
    "updated": 0
  },
  {
    "id": "c930e7b6-a277-4c3e-831d-30c77ef02d0b",
    "data": [
      {
        "text": "okay see you later",
        "userDefined": false
      }
    ],
    "isTemplate": false,
    "count": 0,
    "updated": 0
  },
  {
    "id": "ed7fcb93-e3c9-4af2-9fb2-77eb604c0b77",
    "data": [
      {
        "text": "see ya",
        "userDefined": false
      }
    ],
    "isTemplate": false,
    "count": 0,
    "updated": 0
  },
  {
    "id": "545f16cd-3e60-4d53-bfb0-b33b21079f9a",
    "data": [
      {
        "text": "get",
        "meta": "@sys.ignore",
        "userDefined": true
      },
      {
        "text": " ",
        "userDefined": false
      },
      {
        "text": "lost",
        "meta": "@sys.ignore",
        "userDefined": true
      }
    ],
    "isTemplate": false,
    "count": 0,
    "updated": 0
  }
]