[
  {
    "id": "116048a6-e3a9-4086-8c6e-51573ee81897",
    "data": [
      {
        "text": "I have no time",
        "userDefined": false
      }
    ],
    "isTemplate": false,
    "count": 0,
    "updated": 0
  },
  {
    "id": "140883b7-2f8c-461d-9393-4d273467d6d3",
    "data": [
      {
        "text": "I\u0027m busy",
        "userDefined": false
      }
    ],
    "isTemplate": false,
    "count": 0,
    "updated": 0
  },
  {
    "id": "92ef96db-6327-4ea8-90ef-f6f204158ecd",
    "data": [
      {
        "text": "I got things to do",
        "userDefined": false
      }
    ],
    "isTemplate": false,
    "count": 0,
    "updated": 0
  },
  {
    "id": "de387fb4-35af-470d-9719-46c45a0abcbd",
    "data": [
      {
        "text": "I\u0027m overloaded",
        "userDefined": false
      }
    ],
    "isTemplate": false,
    "count": 0,
    "updated": 0
  },
  {
    "id": "f450b8bb-32f0-4a7c-9032-1894194fb038",
    "data": [
      {
        "text": "I don\u0027t have time for this",
        "userDefined": false
      }
    ],
    "isTemplate": false,
    "count": 0,
    "updated": 0
  },
  {
    "id": "42a99723-b795-422b-964d-1f369b8d483d",
    "data": [
      {
        "text": "I\u0027m swamped",
        "userDefined": false
      }
    ],
    "isTemplate": false,
    "count": 0,
    "updated": 0
  },
  {
    "id": "07fd8181-9565-486a-a448-b9b6bc3ddfc3",
    "data": [
      {
        "text": "how busy I am",
        "userDefined": false
      }
    ],
    "isTemplate": false,
    "count": 0,
    "updated": 0
  },
  {
    "id": "b2a20fc3-059f-4a37-8ffd-efe9d773ab0a",
    "data": [
      {
        "text": "I\u0027m working",
        "userDefined": false
      }
    ],
    "isTemplate": false,
    "count": 0,
    "updated": 0
  },
  {
    "id": "648539d8-bf60-47bb-b738-9b0a61518103",
    "data": [
      {
        "text": "I got work to do",
        "userDefined": false
      }
    ],
    "isTemplate": false,
    "count": 0,
    "updated": 0
  }
]