[
  {
    "id": "2a7a1b1e-b0ee-4a37-8749-dd686a3e0e09",
    "data": [
      {
        "text": "I\u0027m being mad",
        "userDefined": false
      }
    ],
    "isTemplate": false,
    "count": 0,
    "updated": 0
  },
  {
    "id": "26f67b8f-4b1a-4b3f-b9ea-875a5f3157d5",
    "data": [
      {
        "text": "I\u0027m furious",
        "userDefined": false
      }
    ],
    "isTemplate": false,
    "count": 0,
    "updated": 0
  },
  {
    "id": "9e25f2de-1c6a-4565-a1f3-5fddc1c974e0",
    "data": [
      {
        "text": "I\u0027",
        "userDefined": false
      },
      {
        "text": "m",
        "meta": "@sys.ignore",
        "userDefined": false
      },
      {
        "text": " enraged",
        "userDefined": false
      }
    ],
    "isTemplate": false,
    "count": 0,
    "updated": 0
  },
  {
    "id": "7476a523-3e1f-409e-8b60-47c3816235d6",
    "data": [
      {
        "text": "I am angry with you",
        "userDefined": false
      }
    ],
    "isTemplate": false,
    "count": 0,
    "updated": 0
  },
  {
    "id": "9d4c56a0-1941-4b27-9de9-f3ca9f9a9f76",
    "data": [
      {
        "text": "I am mad",
        "userDefined": false
      }
    ],
    "isTemplate": false,
    "count": 0,
    "updated": 0
  },
  {
    "id": "bf0dbf6b-8f58-487a-b760-dd345cdcd9f3",
    "data": [
      {
        "text": "I am mad at you",
        "userDefined": false
      }
    ],
    "isTemplate": false,
    "count": 0,
    "updated": 0
  },
  {
    "id": "b3a6768c-85e7-4f23-8367-138625d9c667",
    "data": [
      {
        "text": "I\u0027m angry",
        "userDefined": false
      }
    ],
    "isTemplate": false,
    "count": 0,
    "updated": 0
  }
]