[
  {
    "id": "ad0876c0-0443-4b9b-a93b-00c0ab5b9f3d",
    "data": [
      {
        "text": "I want to speak with you",
        "userDefined": false
      }
    ],
    "isTemplate": false,
    "count": 0,
    "updated": 0
  },
  {
    "id": "b4d0e836-2709-46ff-a1b8-cd87a7ad715a",
    "data": [
      {
        "text": "I need to talk to you",
        "userDefined": false
      }
    ],
    "isTemplate": false,
    "count": 0,
    "updated": 0
  },
  {
    "id": "183b2749-a777-4972-9378-bd939ac2fdbd",
    "data": [
      {
        "text": "can I start speaking",
        "userDefined": false
      }
    ],
    "isTemplate": false,
    "count": 0,
    "updated": 0
  },
  {
    "id": "0ad4f85f-f2ce-4235-91e9-641b984b63cd",
    "data": [
      {
        "text": "let\u0027s talk",
        "userDefined": false
      }
    ],
    "isTemplate": false,
    "count": 0,
    "updated": 0
  },
  {
    "id": "0e84a8bb-a2d3-45ab-b5e9-fb05ebe8a22f",
    "data": [
      {
        "text": "let\u0027s discuss something",
        "userDefined": false
      }
    ],
    "isTemplate": false,
    "count": 1,
    "updated": 0
  },
  {
    "id": "8706a3c5-aa36-4924-86eb-7cfcd04efe96",
    "data": [
      {
        "text": "can we chat",
        "userDefined": false
      }
    ],
    "isTemplate": false,
    "count": 0,
    "updated": 0
  },
  {
    "id": "d8720e79-2891-43f2-9f25-52ee3bfd060e",
    "data": [
      {
        "text": "I just want to talk",
        "userDefined": false
      }
    ],
    "isTemplate": false,
    "count": 0,
    "updated": 0
  },
  {
    "id": "4e66c4d1-3e81-4b69-8f61-9ba9288d1401",
    "data": [
      {
        "text": "can we talk",
        "userDefined": false
      }
    ],
    "isTemplate": false,
    "count": 0,
    "updated": 0
  },
  {
    "id": "c4f8d171-5bff-4ddc-9fdf-98cd0832b0d2",
    "data": [
      {
        "text": "I want to talk to you",
        "userDefined": false
      }
    ],
    "isTemplate": false,
    "count": 0,
    "updated": 0
  },
  {
    "id": "adc088c9-97b7-4273-85f3-53819596f9a6",
    "data": [
      {
        "text": "can I speak",
        "userDefined": false
      }
    ],
    "isTemplate": false,
    "count": 0,
    "updated": 0
  },
  {
    "id": "976219ad-5717-4af5-b47f-ff5d618ff4c0",
    "data": [
      {
        "text": "let\u0027s have a discussion",
        "userDefined": false
      }
    ],
    "isTemplate": false,
    "count": 0,
    "updated": 0
  }
]