[
  {
    "id": "7374bb1b-a6ee-4d11-b85c-242cf4b36821",
    "data": [
      {
        "text": "I ",
        "userDefined": false
      },
      {
        "text": "don",
        "meta": "@sys.ignore",
        "userDefined": false
      },
      {
        "text": "\u0027t want to talk",
        "userDefined": false
      }
    ],
    "isTemplate": false,
    "count": 0,
    "updated": 0
  },
  {
    "id": "f36dd38f-61b6-461b-b53c-961a0d405fc4",
    "data": [
      {
        "text": "I\u0027m not talking to you anymore",
        "userDefined": false
      }
    ],
    "isTemplate": false,
    "count": 0,
    "updated": 0
  },
  {
    "id": "e47d212a-fcaf-4476-b617-d54fc80a0e1e",
    "data": [
      {
        "text": "I\u0027m not in the mood for chatting",
        "userDefined": false
      }
    ],
    "isTemplate": false,
    "count": 0,
    "updated": 0
  },
  {
    "id": "01f8a532-b272-4ff4-8782-6517595e7bf3",
    "data": [
      {
        "text": "let\u0027s not talk",
        "userDefined": false
      }
    ],
    "isTemplate": false,
    "count": 0,
    "updated": 0
  },
  {
    "id": "354fc678-75bc-4ae8-8b53-b2903807d8c0",
    "data": [
      {
        "text": "I ",
        "userDefined": false
      },
      {
        "text": "don\u0027t",
        "meta": "@sys.ignore",
        "userDefined": false
      },
      {
        "text": " want to talk to you",
        "userDefined": false
      }
    ],
    "isTemplate": false,
    "count": 0,
    "updated": 0
  },
  {
    "id": "baa107c5-57cc-45b9-a244-4bebdd761f09",
    "data": [
      {
        "text": "bad time for talking",
        "userDefined": false
      }
    ],
    "isTemplate": false,
    "count": 0,
    "updated": 0
  },
  {
    "id": "d837eee8-a067-43eb-988b-fa3ca0690f5a",
    "data": [
      {
        "text": "let\u0027s stop talking for a minute",
        "userDefined": false
      }
    ],
    "isTemplate": false,
    "count": 0,
    "updated": 0
  }
]