[
  {
    "id": "f3312a49-c710-4c4d-ae03-cff8cd5fb9ed",
    "data": [
      {
        "text": "what should I do",
        "userDefined": false
      }
    ],
    "isTemplate": false,
    "count": 1,
    "updated": 0
  },
  {
    "id": "869d95b3-eba2-4c5b-ad3c-f7bdce2c62e9",
    "data": [
      {
        "text": "any",
        "meta": "@sys.ignore",
        "userDefined": false
      },
      {
        "text": " advice",
        "userDefined": false
      }
    ],
    "isTemplate": false,
    "count": 0,
    "updated": 0
  },
  {
    "id": "f90cde44-2d74-4381-9116-a98efd1b05aa",
    "data": [
      {
        "text": "I need advice",
        "userDefined": false
      }
    ],
    "isTemplate": false,
    "count": 0,
    "updated": 0
  },
  {
    "id": "90793aff-f742-4eb2-bad4-95bc06977438",
    "data": [
      {
        "text": "I could use some advice",
        "userDefined": false
      }
    ],
    "isTemplate": false,
    "count": 0,
    "updated": 0
  },
  {
    "id": "08b91f73-5c92-4dc6-ab03-adf83a2f91e9",
    "data": [
      {
        "text": "can you offer any advice",
        "userDefined": false
      }
    ],
    "isTemplate": false,
    "count": 0,
    "updated": 0
  },
  {
    "id": "59322b33-60bf-416c-a6a4-7621e772cb48",
    "data": [
      {
        "text": "advise me",
        "userDefined": false
      }
    ],
    "isTemplate": false,
    "count": 0,
    "updated": 0
  },
  {
    "id": "f28c45d9-12a9-45af-87eb-197aeb48b0b1",
    "data": [
      {
        "text": "can you advise me",
        "userDefined": false
      }
    ],
    "isTemplate": false,
    "count": 0,
    "updated": 0
  },
  {
    "id": "6d1bf40c-afaf-4723-9b89-d841b4da4a77",
    "data": [
      {
        "text": "what do you recommend",
        "userDefined": false
      }
    ],
    "isTemplate": false,
    "count": 0,
    "updated": 0
  },
  {
    "id": "488f4c8d-2410-4164-ba0c-ba19dba9f7ea",
    "data": [
      {
        "text": "give me some good advice",
        "userDefined": false
      }
    ],
    "isTemplate": false,
    "count": 1,
    "updated": 0
  },
  {
    "id": "d2440ee7-91d7-456b-98be-a235064c530e",
    "data": [
      {
        "text": "any suggestions",
        "userDefined": false
      }
    ],
    "isTemplate": false,
    "count": 0,
    "updated": 0
  },
  {
    "id": "4ccb12b1-0a0a-4080-b8bb-6c62ffdfcb73",
    "data": [
      {
        "text": "I need an advice from you",
        "userDefined": false
      }
    ],
    "isTemplate": false,
    "count": 0,
    "updated": 0
  },
  {
    "id": "8a1cd1aa-47bb-44e2-96d6-04f603e383b9",
    "data": [
      {
        "text": "do you have any advice for me",
        "userDefined": false
      }
    ],
    "isTemplate": false,
    "count": 0,
    "updated": 0
  },
  {
    "id": "f15b54e4-286d-4195-880a-4b4c5fcc3ea2",
    "data": [
      {
        "text": "guide ",
        "userDefined": false
      },
      {
        "text": "me",
        "meta": "@sys.ignore",
        "userDefined": false
      }
    ],
    "isTemplate": false,
    "count": 0,
    "updated": 0
  },
  {
    "id": "533a95da-0f27-4435-a69a-2362450a2dd8",
    "data": [
      {
        "text": "help me with advice",
        "userDefined": false
      }
    ],
    "isTemplate": false,
    "count": 0,
    "updated": 0
  },
  {
    "id": "2043d981-5697-4203-aabd-a848a3a5ac64",
    "data": [
      {
        "text": "can you give me advice",
        "userDefined": false
      }
    ],
    "isTemplate": false,
    "count": 0,
    "updated": 0
  },
  {
    "id": "31fb4653-b5ea-4053-b281-fba4cbaa1619",
    "data": [
      {
        "text": "what should I do about it",
        "userDefined": false
      }
    ],
    "isTemplate": false,
    "count": 1,
    "updated": 0
  },
  {
    "id": "614a988a-f870-41d2-80bf-a41715abd53b",
    "data": [
      {
        "text": "I seek your advice",
        "userDefined": false
      }
    ],
    "isTemplate": false,
    "count": 0,
    "updated": 0
  },
  {
    "id": "fe6027f6-e87e-4cf6-9e49-b67789b64566",
    "data": [
      {
        "text": "give me a wise advice",
        "userDefined": false
      }
    ],
    "isTemplate": false,
    "count": 0,
    "updated": 0
  },
  {
    "id": "c98da9bc-d1a6-4c40-962e-202bd1443604",
    "data": [
      {
        "text": "what can you recommend",
        "userDefined": false
      }
    ],
    "isTemplate": false,
    "count": 1,
    "updated": 0
  },
  {
    "id": "07034f3e-6ff1-4426-80a0-f6e86280e6c5",
    "data": [
      {
        "text": "can I ask for your advice",
        "userDefined": false
      }
    ],
    "isTemplate": false,
    "count": 0,
    "updated": 0
  },
  {
    "id": "70644bc8-f9ed-4843-8b52-6813857d6554",
    "data": [
      {
        "text": "what do you suggest",
        "userDefined": false
      }
    ],
    "isTemplate": false,
    "count": 1,
    "updated": 0
  },
  {
    "id": "840e4889-7ff7-4f04-8acb-b6d35b825c85",
    "data": [
      {
        "text": "what is your advice",
        "userDefined": false
      }
    ],
    "isTemplate": false,
    "count": 1,
    "updated": 0
  },
  {
    "id": "760292ba-af31-4655-938a-18bac0e5aaee",
    "data": [
      {
        "text": "give me some advice about",
        "userDefined": false
      }
    ],
    "isTemplate": false,
    "count": 0,
    "updated": 0
  }
]