[
  {
    "id": "0b796349-8619-4169-bfb0-8d6c97910731",
    "data": [
      {
        "text": "that\u0027s a ",
        "userDefined": false
      },
      {
        "text": "good",
        "meta": "@sys.ignore",
        "userDefined": true
      },
      {
        "text": " thing",
        "userDefined": false
      }
    ],
    "isTemplate": false,
    "count": 0,
    "updated": 0
  },
  {
    "id": "584dee97-5ce2-4ef2-920f-b7aac9f56b8e",
    "data": [
      {
        "text": "that\u0027s awesome ",
        "userDefined": false
      },
      {
        "text": "thank you",
        "meta": "@sys.ignore",
        "userDefined": true
      }
    ],
    "isTemplate": false,
    "count": 0,
    "updated": 0
  },
  {
    "id": "95e3006d-ef9e-43a4-89f5-f54a61417306",
    "data": [
      {
        "text": "really ",
        "userDefined": false
      },
      {
        "text": "well",
        "meta": "@sys.ignore",
        "userDefined": true
      }
    ],
    "isTemplate": false,
    "count": 0,
    "updated": 0
  },
  {
    "id": "74443af0-614f-415d-90d4-22d7bfdc827b",
    "data": [
      {
        "text": "oh ",
        "userDefined": false
      },
      {
        "text": "well",
        "meta": "@sys.ignore",
        "userDefined": true
      }
    ],
    "isTemplate": false,
    "count": 0,
    "updated": 0
  },
  {
    "id": "74d4cba2-ae1a-4de8-a8f2-e033914d7cd0",
    "data": [
      {
        "text": "that\u0027s very ",
        "userDefined": false
      },
      {
        "text": "good",
        "meta": "@sys.ignore",
        "userDefined": true
      }
    ],
    "isTemplate": false,
    "count": 2,
    "updated": 0
  },
  {
    "id": "af12ddb9-5ca8-47e1-8bb3-a57bb2b2cdc3",
    "data": [
      {
        "text": "that is ",
        "userDefined": false
      },
      {
        "text": "nice",
        "meta": "@sys.ignore",
        "userDefined": true
      }
    ],
    "isTemplate": false,
    "count": 0,
    "updated": 0
  },
  {
    "id": "9dfeac8d-7b7b-4112-8a49-7ebd4017cb22",
    "data": [
      {
        "text": "that\u0027s better",
        "userDefined": false
      }
    ],
    "isTemplate": false,
    "count": 0,
    "updated": 0
  },
  {
    "id": "1c43814a-dc01-4076-b91c-3b7e80c69e05",
    "data": [
      {
        "text": "it",
        "meta": "@sys.ignore",
        "userDefined": true
      },
      {
        "text": "\u0027s good",
        "userDefined": false
      }
    ],
    "isTemplate": false,
    "count": 2,
    "updated": 0
  },
  {
    "id": "e4a9a947-1886-4b9c-ba6e-d5f46de5cb9f",
    "data": [
      {
        "text": "that is ",
        "userDefined": false
      },
      {
        "text": "good",
        "meta": "@sys.ignore",
        "userDefined": true
      }
    ],
    "isTemplate": false,
    "count": 0,
    "updated": 0
  },
  {
    "id": "6e75d7b5-00a7-4ca8-9bab-f30358ac0e1a",
    "data": [
      {
        "text": "it\u0027s very good",
        "userDefined": false
      }
    ],
    "isTemplate": false,
    "count": 0,
    "updated": 0
  },
  {
    "id": "7f7869de-ae96-4c11-a2dc-5ec62fcbd4da",
    "data": [
      {
        "text": "that\u0027s sweet ",
        "userDefined": false
      },
      {
        "text": "of",
        "meta": "@sys.ignore",
        "userDefined": true
      },
      {
        "text": " you",
        "userDefined": false
      }
    ],
    "isTemplate": false,
    "count": 0,
    "updated": 0
  },
  {
    "id": "8e35af8d-2d39-4dd1-a23d-70d8db7855b1",
    "data": [
      {
        "text": "that\u0027s a ",
        "userDefined": false
      },
      {
        "text": "good",
        "meta": "@sys.ignore",
        "userDefined": true
      },
      {
        "text": " idea",
        "userDefined": false
      }
    ],
    "isTemplate": false,
    "count": 0,
    "updated": 0
  },
  {
    "id": "41e02229-9916-4e5f-9769-7d5ea0f55f95",
    "data": [
      {
        "text": "it\u0027s fine",
        "userDefined": false
      }
    ],
    "isTemplate": false,
    "count": 0,
    "updated": 0
  },
  {
    "id": "41ecc1ec-cb34-4395-b228-42366c1c823e",
    "data": [
      {
        "text": "very nice",
        "userDefined": false
      }
    ],
    "isTemplate": false,
    "count": 0,
    "updated": 0
  },
  {
    "id": "19f4b6a8-0484-439f-81a4-c36fc15e4008",
    "data": [
      {
        "text": "it\u0027s",
        "meta": "@sys.ignore",
        "userDefined": true
      },
      {
        "text": " perfect",
        "userDefined": false
      }
    ],
    "isTemplate": false,
    "count": 1,
    "updated": 0
  },
  {
    "id": "b411a985-52b0-40c4-8ead-611843a74572",
    "data": [
      {
        "text": "that\u0027s ",
        "userDefined": false
      },
      {
        "text": "nice",
        "meta": "@sys.ignore",
        "userDefined": true
      },
      {
        "text": " ",
        "userDefined": false
      },
      {
        "text": "of",
        "meta": "@sys.ignore",
        "userDefined": true
      },
      {
        "text": " you",
        "userDefined": false
      }
    ],
    "isTemplate": false,
    "count": 0,
    "updated": 0
  },
  {
    "id": "040e826a-9ad7-4ca6-9eb2-a68cc1e91e0a",
    "data": [
      {
        "text": "that\u0027s pretty ",
        "userDefined": false
      },
      {
        "text": "good",
        "meta": "@sys.ignore",
        "userDefined": true
      }
    ],
    "isTemplate": false,
    "count": 0,
    "updated": 0
  },
  {
    "id": "e8c7a931-475d-4652-8a2a-6c0aa72a7abf",
    "data": [
      {
        "text": "sweet",
        "userDefined": false
      }
    ],
    "isTemplate": false,
    "count": 1,
    "updated": 0
  },
  {
    "id": "8c51c469-d35c-4524-9a5e-1576abc7b07b",
    "data": [
      {
        "text": "fine",
        "meta": "@sys.ignore",
        "userDefined": true
      }
    ],
    "isTemplate": false,
    "count": 0,
    "updated": 0
  },
  {
    "id": "51408ea3-8a7d-4fca-a4a9-02892c5904e0",
    "data": [
      {
        "text": "that\u0027s perfect",
        "userDefined": false
      }
    ],
    "isTemplate": false,
    "count": 0,
    "updated": 0
  },
  {
    "id": "e825eed3-ab60-453b-9219-65b166aeca1f",
    "data": [
      {
        "text": "very ",
        "userDefined": false
      },
      {
        "text": "nice",
        "meta": "@sys.ignore",
        "userDefined": true
      }
    ],
    "isTemplate": false,
    "count": 0,
    "updated": 0
  },
  {
    "id": "19515985-4287-4c4e-9b97-a5a3d05b4377",
    "data": [
      {
        "text": "glad to hear ",
        "userDefined": false
      },
      {
        "text": "it",
        "meta": "@sys.ignore",
        "userDefined": true
      }
    ],
    "isTemplate": false,
    "count": 0,
    "updated": 0
  },
  {
    "id": "3136a498-ab68-4871-8944-83a07fc49c39",
    "data": [
      {
        "text": "that is wonderful",
        "userDefined": false
      }
    ],
    "isTemplate": false,
    "count": 0,
    "updated": 0
  },
  {
    "id": "2cf8ab29-3f12-4c57-a70c-d08c21c54e41",
    "data": [
      {
        "text": "that was cute",
        "userDefined": false
      }
    ],
    "isTemplate": false,
    "count": 0,
    "updated": 0
  },
  {
    "id": "f01afdb0-1911-45a3-b768-3a143c61be73",
    "data": [
      {
        "text": "much better",
        "userDefined": false
      }
    ],
    "isTemplate": false,
    "count": 0,
    "updated": 0
  },
  {
    "id": "fb91160a-e6e9-4483-adef-6c9a70b11550",
    "data": [
      {
        "text": "it\u0027s",
        "meta": "@sys.ignore",
        "userDefined": true
      },
      {
        "text": " very good",
        "userDefined": false
      }
    ],
    "isTemplate": false,
    "count": 0,
    "updated": 0
  },
  {
    "id": "bb92f2b6-008d-43e3-8ed3-276338837053",
    "data": [
      {
        "text": "not too ",
        "userDefined": false
      },
      {
        "text": "bad",
        "meta": "@sys.ignore",
        "userDefined": true
      }
    ],
    "isTemplate": false,
    "count": 1,
    "updated": 0
  },
  {
    "id": "5b9f94e9-5f3a-4884-bd34-d4c7762af9b2",
    "data": [
      {
        "text": "that\u0027s wonderful",
        "userDefined": false
      }
    ],
    "isTemplate": false,
    "count": 0,
    "updated": 0
  },
  {
    "id": "03d4f235-9d1d-4492-b11a-14a9852507b0",
    "data": [
      {
        "text": "that was awesome",
        "userDefined": false
      }
    ],
    "isTemplate": false,
    "count": 0,
    "updated": 0
  },
  {
    "id": "c1e68d92-52c4-46dc-a581-497ff439bdff",
    "data": [
      {
        "text": "good",
        "meta": "@sys.ignore",
        "userDefined": true
      },
      {
        "text": " very ",
        "userDefined": false
      },
      {
        "text": "good",
        "meta": "@sys.ignore",
        "userDefined": true
      }
    ],
    "isTemplate": false,
    "count": 0,
    "updated": 0
  },
  {
    "id": "5793701d-a1a1-40c3-a524-6c897090c1fb",
    "data": [
      {
        "text": "that\u0027s much better",
        "userDefined": false
      }
    ],
    "isTemplate": false,
    "count": 0,
    "updated": 0
  },
  {
    "id": "5e73856d-2768-4266-bfaf-668bf335a72c",
    "data": [
      {
        "text": "fantastic",
        "userDefined": false
      }
    ],
    "isTemplate": false,
    "count": 0,
    "updated": 0
  },
  {
    "id": "95e2abc2-d87d-4983-82ce-c440995559ba",
    "data": [
      {
        "text": "good",
        "meta": "@sys.ignore",
        "userDefined": true
      },
      {
        "text": " to know",
        "userDefined": false
      }
    ],
    "isTemplate": false,
    "count": 0,
    "updated": 0
  },
  {
    "id": "332b80a3-b049-46ce-af74-c079b444ca78",
    "data": [
      {
        "text": "that\u0027s really ",
        "userDefined": false
      },
      {
        "text": "nice",
        "meta": "@sys.ignore",
        "userDefined": true
      }
    ],
    "isTemplate": false,
    "count": 0,
    "updated": 0
  },
  {
    "id": "3fbd9b3b-961f-4535-9781-0a9cdb260c3a",
    "data": [
      {
        "text": "that was pretty ",
        "userDefined": false
      },
      {
        "text": "good",
        "meta": "@sys.ignore",
        "userDefined": true
      }
    ],
    "isTemplate": false,
    "count": 0,
    "updated": 0
  },
  {
    "id": "384fd57a-7805-4715-a791-ca8a3ac0efe9",
    "data": [
      {
        "text": "ok ",
        "userDefined": false
      },
      {
        "text": "good",
        "meta": "@sys.ignore",
        "userDefined": true
      }
    ],
    "isTemplate": false,
    "count": 0,
    "updated": 0
  },
  {
    "id": "593c5852-0f0e-4ad0-897e-446ee7a5da70",
    "data": [
      {
        "text": "glad to hear that",
        "userDefined": false
      }
    ],
    "isTemplate": false,
    "count": 0,
    "updated": 0
  },
  {
    "id": "13e0ae63-5f14-458b-8c87-ac9070a898f7",
    "data": [
      {
        "text": "not ",
        "userDefined": false
      },
      {
        "text": "bad",
        "meta": "@sys.ignore",
        "userDefined": true
      }
    ],
    "isTemplate": false,
    "count": 0,
    "updated": 0
  },
  {
    "id": "bcb137cd-bf1c-4e3f-9747-cdf717b73b51",
    "data": [
      {
        "text": "splendid",
        "userDefined": false
      }
    ],
    "isTemplate": false,
    "count": 0,
    "updated": 0
  },
  {
    "id": "92232ecb-92dd-4125-b718-0ba820574c24",
    "data": [
      {
        "text": "I\u0027m",
        "meta": "@sys.ignore",
        "userDefined": true
      },
      {
        "text": " glad to hear that",
        "userDefined": false
      }
    ],
    "isTemplate": false,
    "count": 0,
    "updated": 0
  },
  {
    "id": "01fe7b5d-2421-4361-b3fa-7278a2555481",
    "data": [
      {
        "text": "super fantastic",
        "userDefined": false
      }
    ],
    "isTemplate": false,
    "count": 0,
    "updated": 0
  },
  {
    "id": "da9d3d7d-7793-407e-af1a-fc04feb86efe",
    "data": [
      {
        "text": "wonderful",
        "userDefined": false
      }
    ],
    "isTemplate": false,
    "count": 0,
    "updated": 0
  },
  {
    "id": "0a1a89cc-b51e-46bb-8850-37b7ef02a59a",
    "data": [
      {
        "text": "this is ",
        "userDefined": false
      },
      {
        "text": "great",
        "meta": "@sys.ignore",
        "userDefined": true
      }
    ],
    "isTemplate": false,
    "count": 0,
    "updated": 0
  },
  {
    "id": "4f34698d-a073-447f-9e7e-004dd6b87996",
    "data": [
      {
        "text": "that\u0027s fantastic",
        "userDefined": false
      }
    ],
    "isTemplate": false,
    "count": 0,
    "updated": 0
  },
  {
    "id": "529a585b-35ed-4403-aed5-7df5f48bf2f8",
    "data": [
      {
        "text": "that\u0027s ",
        "userDefined": false
      },
      {
        "text": "nice",
        "meta": "@sys.ignore",
        "userDefined": true
      }
    ],
    "isTemplate": false,
    "count": 1,
    "updated": 0
  },
  {
    "id": "c1bf6741-2bb9-4654-8540-a0b9a2b197a5",
    "data": [
      {
        "text": "it",
        "meta": "@sys.ignore",
        "userDefined": true
      },
      {
        "text": " is ",
        "userDefined": false
      },
      {
        "text": "good",
        "meta": "@sys.ignore",
        "userDefined": true
      }
    ],
    "isTemplate": false,
    "count": 0,
    "updated": 0
  },
  {
    "id": "1db3b0f7-1a1d-4209-95c5-cf913134c4c4",
    "data": [
      {
        "text": "really ",
        "userDefined": false
      },
      {
        "text": "good",
        "meta": "@sys.ignore",
        "userDefined": true
      }
    ],
    "isTemplate": false,
    "count": 1,
    "updated": 0
  },
  {
    "id": "eac2ba95-e85f-463c-ba39-e2fe78bd0379",
    "data": [
      {
        "text": "good",
        "meta": "@sys.ignore",
        "userDefined": true
      },
      {
        "text": " for you",
        "userDefined": false
      }
    ],
    "isTemplate": false,
    "count": 0,
    "updated": 0
  },
  {
    "id": "e266600d-277e-41a2-a0a8-faafadbafb27",
    "data": [
      {
        "text": "cool",
        "meta": "@sys.ignore",
        "userDefined": false
      }
    ],
    "isTemplate": false,
    "count": 0,
    "updated": 0
  },
  {
    "id": "7eb272b5-09d5-4f87-9fc0-549938c98939",
    "data": [
      {
        "text": "straight",
        "userDefined": false
      }
    ],
    "isTemplate": false,
    "count": 0,
    "updated": 0
  },
  {
    "id": "1a212adb-41ba-4fd1-a51c-9e7ed57f06b3",
    "data": [
      {
        "text": "that\u0027s great",
        "userDefined": false
      }
    ],
    "isTemplate": false,
    "count": 0,
    "updated": 0
  },
  {
    "id": "b1dc6400-5f30-484d-aedd-6efe057c3775",
    "data": [
      {
        "text": "great",
        "meta": "@sys.ignore",
        "userDefined": true
      }
    ],
    "isTemplate": false,
    "count": 1,
    "updated": 0
  },
  {
    "id": "d173c5b5-39cc-48ac-98f5-d6720d9aaf49",
    "data": [
      {
        "text": "it\u0027s amazing",
        "userDefined": false
      }
    ],
    "isTemplate": false,
    "count": 0,
    "updated": 0
  },
  {
    "id": "53e61c78-b626-4605-afa5-47ec1751b6d3",
    "data": [
      {
        "text": "perfect",
        "userDefined": false
      }
    ],
    "isTemplate": false,
    "count": 1,
    "updated": 0
  },
  {
    "id": "26893bee-7a62-4ca6-b6e9-01a61d6ddf35",
    "data": [
      {
        "text": "that\u0027s cute",
        "userDefined": false
      }
    ],
    "isTemplate": false,
    "count": 0,
    "updated": 0
  },
  {
    "id": "50c03670-f369-42b8-a153-f3e66e4caf60",
    "data": [
      {
        "text": "it",
        "meta": "@sys.ignore",
        "userDefined": true
      },
      {
        "text": " was ",
        "userDefined": false
      },
      {
        "text": "good",
        "meta": "@sys.ignore",
        "userDefined": true
      }
    ],
    "isTemplate": false,
    "count": 0,
    "updated": 0
  },
  {
    "id": "1cc03749-3026-4b54-b73e-4e87124be62b",
    "data": [
      {
        "text": "so sweet ",
        "userDefined": false
      },
      {
        "text": "of",
        "meta": "@sys.ignore",
        "userDefined": true
      },
      {
        "text": " you",
        "userDefined": false
      }
    ],
    "isTemplate": false,
    "count": 0,
    "updated": 0
  },
  {
    "id": "a2c2793c-c2b1-492c-9e4d-6e83e0a1c273",
    "data": [
      {
        "text": "amazing",
        "userDefined": false
      }
    ],
    "isTemplate": false,
    "count": 0,
    "updated": 0
  },
  {
    "id": "9b11b921-3721-454e-9255-a7e23a6cad49",
    "data": [
      {
        "text": "terrific",
        "userDefined": false
      }
    ],
    "isTemplate": false,
    "count": 1,
    "updated": 0
  },
  {
    "id": "016d9da0-5aa6-4727-b038-f05d9d07ff7e",
    "data": [
      {
        "text": "pleasant",
        "userDefined": false
      }
    ],
    "isTemplate": false,
    "count": 0,
    "updated": 0
  },
  {
    "id": "1a02c3c7-3a68-4692-b933-49c038117d67",
    "data": [
      {
        "text": "that\u0027s really ",
        "userDefined": false
      },
      {
        "text": "good",
        "meta": "@sys.ignore",
        "userDefined": true
      }
    ],
    "isTemplate": false,
    "count": 0,
    "updated": 0
  },
  {
    "id": "fd24667a-d8c2-40f7-bb07-23839b57de12",
    "data": [
      {
        "text": "that\u0027s awesome",
        "userDefined": false
      }
    ],
    "isTemplate": false,
    "count": 0,
    "updated": 0
  },
  {
    "id": "21d3aeba-b919-4e13-b898-b7ffa4185901",
    "data": [
      {
        "text": "very ",
        "userDefined": false
      },
      {
        "text": "good",
        "meta": "@sys.ignore",
        "userDefined": true
      }
    ],
    "isTemplate": false,
    "count": 0,
    "updated": 0
  },
  {
    "id": "67c275ff-c100-453d-8eca-e3546e60ac36",
    "data": [
      {
        "text": "so ",
        "userDefined": false
      },
      {
        "text": "cool",
        "meta": "@sys.ignore",
        "userDefined": false
      }
    ],
    "isTemplate": false,
    "count": 0,
    "updated": 0
  },
  {
    "id": "556e36bd-d35e-4c6d-8d5b-70a75d1d0a35",
    "data": [
      {
        "text": "it",
        "meta": "@sys.ignore",
        "userDefined": true
      },
      {
        "text": "\u0027s great",
        "userDefined": false
      }
    ],
    "isTemplate": false,
    "count": 3,
    "updated": 0
  },
  {
    "id": "4bec19c3-a034-44dc-bb1f-9e6e66791148",
    "data": [
      {
        "text": "this is awesome",
        "userDefined": false
      }
    ],
    "isTemplate": false,
    "count": 0,
    "updated": 0
  },
  {
    "id": "3f2248e1-70bb-40b9-8944-9f98560d9884",
    "data": [
      {
        "text": "very ",
        "userDefined": false
      },
      {
        "text": "well",
        "meta": "@sys.ignore",
        "userDefined": true
      }
    ],
    "isTemplate": false,
    "count": 0,
    "updated": 0
  },
  {
    "id": "46f7a80f-8295-4ed5-9d50-8d016c342287",
    "data": [
      {
        "text": "very then",
        "userDefined": false
      }
    ],
    "isTemplate": false,
    "count": 0,
    "updated": 0
  },
  {
    "id": "025b60b3-920a-42c4-8001-0e7fd0a96478",
    "data": [
      {
        "text": "nice",
        "meta": "@sys.ignore",
        "userDefined": true
      }
    ],
    "isTemplate": false,
    "count": 0,
    "updated": 0
  },
  {
    "id": "1cdd8979-b948-48c1-b6f3-da6f6cabc535",
    "data": [
      {
        "text": "it",
        "meta": "@sys.ignore",
        "userDefined": true
      },
      {
        "text": " is ",
        "userDefined": false
      },
      {
        "text": "fine",
        "meta": "@sys.ignore",
        "userDefined": true
      }
    ],
    "isTemplate": false,
    "count": 0,
    "updated": 0
  },
  {
    "id": "c6460899-3a3f-4a7b-af31-2c6b59a8709b",
    "data": [
      {
        "text": "that\u0027s amazing",
        "userDefined": false
      }
    ],
    "isTemplate": false,
    "count": 0,
    "updated": 0
  },
  {
    "id": "ecc549cb-a7aa-4da6-a562-b441233d6581",
    "data": [
      {
        "text": "that is awesome",
        "userDefined": false
      }
    ],
    "isTemplate": false,
    "count": 1,
    "updated": 0
  },
  {
    "id": "ae3d94c9-ff7d-4578-ad3f-1728d81326f8",
    "data": [
      {
        "text": "so ",
        "userDefined": false
      },
      {
        "text": "good",
        "meta": "@sys.ignore",
        "userDefined": true
      }
    ],
    "isTemplate": false,
    "count": 0,
    "updated": 0
  },
  {
    "id": "0ba3cabe-913d-4df4-8941-568820200e8b",
    "data": [
      {
        "text": "that was good",
        "userDefined": false
      }
    ],
    "isTemplate": false,
    "count": 0,
    "updated": 0
  },
  {
    "id": "cc08ec43-db43-4104-9a11-06c7e80e73f2",
    "data": [
      {
        "text": "pretty ",
        "userDefined": false
      },
      {
        "text": "good",
        "meta": "@sys.ignore",
        "userDefined": true
      }
    ],
    "isTemplate": false,
    "count": 0,
    "updated": 0
  },
  {
    "id": "b7ea464b-08b6-4fe8-9966-8c50263f3d25",
    "data": [
      {
        "text": "that was very ",
        "userDefined": false
      },
      {
        "text": "good",
        "meta": "@sys.ignore",
        "userDefined": true
      }
    ],
    "isTemplate": false,
    "count": 0,
    "updated": 0
  },
  {
    "id": "e5d939f1-64c9-4083-8a7f-5356435403ab",
    "data": [
      {
        "text": "that was amazing",
        "userDefined": false
      }
    ],
    "isTemplate": false,
    "count": 0,
    "updated": 0
  },
  {
    "id": "dae3cdc2-dadb-4ef0-8d39-9290be02b57a",
    "data": [
      {
        "text": "that\u0027s very ",
        "userDefined": false
      },
      {
        "text": "nice",
        "meta": "@sys.ignore",
        "userDefined": true
      }
    ],
    "isTemplate": false,
    "count": 1,
    "updated": 0
  },
  {
    "id": "d9e3a0f2-9793-498b-b68a-e48a7c9b5c3c",
    "data": [
      {
        "text": "good",
        "meta": "@sys.ignore",
        "userDefined": true
      }
    ],
    "isTemplate": false,
    "count": 1,
    "updated": 0
  },
  {
    "id": "a1394a21-b20a-4e7a-8746-32a72ee95359",
    "data": [
      {
        "text": "that\u0027s fine",
        "userDefined": false
      }
    ],
    "isTemplate": false,
    "count": 0,
    "updated": 0
  },
  {
    "id": "94b29727-836b-47de-805c-5da237f572f6",
    "data": [
      {
        "text": "that\u0027s ",
        "userDefined": false
      },
      {
        "text": "great",
        "meta": "@sys.ignore",
        "userDefined": true
      }
    ],
    "isTemplate": false,
    "count": 3,
    "updated": 0
  },
  {
    "id": "b1effb3b-8fd0-448c-8f3c-6127d1e80449",
    "data": [
      {
        "text": "marvelous",
        "userDefined": false
      }
    ],
    "isTemplate": false,
    "count": 0,
    "updated": 0
  },
  {
    "id": "307aed6a-b626-4b24-b4b7-bbea424f02cd",
    "data": [
      {
        "text": "okay good",
        "userDefined": false
      }
    ],
    "isTemplate": false,
    "count": 0,
    "updated": 0
  },
  {
    "id": "2b82ea15-552f-4daf-af99-4f3c2734b6b4",
    "data": [
      {
        "text": "this is ",
        "userDefined": false
      },
      {
        "text": "good",
        "meta": "@sys.ignore",
        "userDefined": true
      }
    ],
    "isTemplate": false,
    "count": 0,
    "updated": 0
  },
  {
    "id": "edb9d02b-8de9-446e-87a4-cce9dc491a38",
    "data": [
      {
        "text": "that\u0027s ",
        "userDefined": false
      },
      {
        "text": "fine",
        "meta": "@sys.ignore",
        "userDefined": true
      }
    ],
    "isTemplate": false,
    "count": 0,
    "updated": 0
  },
  {
    "id": "4284e0e3-a84c-4e60-85d2-7eef0ff64bb0",
    "data": [
      {
        "text": "it\u0027s",
        "meta": "@sys.ignore",
        "userDefined": true
      },
      {
        "text": " ",
        "userDefined": false
      },
      {
        "text": "great",
        "meta": "@sys.ignore",
        "userDefined": true
      }
    ],
    "isTemplate": false,
    "count": 0,
    "updated": 0
  },
  {
    "id": "857b3b3e-1c03-453f-bcee-16ae573a67d5",
    "data": [
      {
        "text": "no ",
        "userDefined": false
      },
      {
        "text": "it",
        "meta": "@sys.ignore",
        "userDefined": true
      },
      {
        "text": "\u0027s ",
        "userDefined": false
      },
      {
        "text": "okay",
        "meta": "@sys.ignore",
        "userDefined": true
      }
    ],
    "isTemplate": false,
    "count": 0,
    "updated": 0
  },
  {
    "id": "b646a945-849c-43ab-bf89-4fa6d682f20e",
    "data": [
      {
        "text": "super",
        "userDefined": false
      }
    ],
    "isTemplate": false,
    "count": 0,
    "updated": 0
  },
  {
    "id": "1ad4297d-a6d3-4038-90a1-257e17b36b74",
    "data": [
      {
        "text": "that\u0027s very ",
        "userDefined": false
      },
      {
        "text": "nice",
        "meta": "@sys.ignore",
        "userDefined": true
      },
      {
        "text": " ",
        "userDefined": false
      },
      {
        "text": "of",
        "meta": "@sys.ignore",
        "userDefined": true
      },
      {
        "text": " you",
        "userDefined": false
      }
    ],
    "isTemplate": false,
    "count": 0,
    "updated": 0
  },
  {
    "id": "381d4744-256a-4fc7-ae05-097b500f5f31",
    "data": [
      {
        "text": "excellent",
        "userDefined": false
      }
    ],
    "isTemplate": false,
    "count": 0,
    "updated": 0
  },
  {
    "id": "18838d7c-1f38-4472-a25f-b154347b9d70",
    "data": [
      {
        "text": "that\u0027s not ",
        "userDefined": false
      },
      {
        "text": "bad",
        "meta": "@sys.ignore",
        "userDefined": true
      }
    ],
    "isTemplate": false,
    "count": 0,
    "updated": 0
  },
  {
    "id": "91d20996-30bd-492b-b8e9-597a47aa124a",
    "data": [
      {
        "text": "good",
        "meta": "@sys.ignore",
        "userDefined": true
      },
      {
        "text": " thing",
        "userDefined": false
      }
    ],
    "isTemplate": false,
    "count": 0,
    "updated": 0
  },
  {
    "id": "97682c3c-ac01-4b6d-b23d-809215c48841",
    "data": [
      {
        "text": "it\u0027s awesome",
        "userDefined": false
      }
    ],
    "isTemplate": false,
    "count": 0,
    "updated": 0
  },
  {
    "id": "11fad136-ae4b-49e5-8b9f-829046629b93",
    "data": [
      {
        "text": "really ",
        "userDefined": false
      },
      {
        "text": "nice",
        "meta": "@sys.ignore",
        "userDefined": true
      }
    ],
    "isTemplate": false,
    "count": 0,
    "updated": 0
  }
]