[
  {
    "id": "f47a0c4b-81da-444c-bed8-4ef53d02bf4d",
    "data": [
      {
        "text": "I\u0027m sleeping",
        "userDefined": false
      }
    ],
    "isTemplate": false,
    "count": 0,
    "updated": 0
  },
  {
    "id": "b440a3da-2cf9-4605-ab2c-7e9cfec161a3",
    "data": [
      {
        "text": "I\u0027m falling asleep",
        "userDefined": false
      }
    ],
    "isTemplate": false,
    "count": 0,
    "updated": 0
  },
  {
    "id": "bd9038f9-bd6d-4ecc-9dfd-f422d9182f04",
    "data": [
      {
        "text": "I am sleepy",
        "userDefined": false
      }
    ],
    "isTemplate": false,
    "count": 0,
    "updated": 0
  },
  {
    "id": "cb341a0a-4cb3-405f-85c2-5933388fccb6",
    "data": [
      {
        "text": "I\u0027m ",
        "userDefined": false
      },
      {
        "text": "falling",
        "meta": "@sys.ignore",
        "userDefined": false
      },
      {
        "text": " asleep on my feet",
        "userDefined": false
      }
    ],
    "isTemplate": false,
    "count": 0,
    "updated": 0
  },
  {
    "id": "2c45f6be-377f-4619-bb04-f23f0711ad2a",
    "data": [
      {
        "text": "I want to ",
        "userDefined": false
      },
      {
        "text": "sleep",
        "meta": "@sys.ignore",
        "userDefined": false
      }
    ],
    "isTemplate": false,
    "count": 0,
    "updated": 0
  }
]