[
  {
    "id": "e515ace7-d9db-4e38-bbbb-ea6eb44cd53e",
    "data": [
      {
        "text": "I\u0027m being mad",
        "userDefined": false
      }
    ],
    "isTemplate": false,
    "count": 0,
    "updated": 0
  },
  {
    "id": "39c87712-08e7-405a-9bce-6b038e18f6eb",
    "data": [
      {
        "text": "I\u0027m furious",
        "userDefined": false
      }
    ],
    "isTemplate": false,
    "count": 0,
    "updated": 0
  },
  {
    "id": "12c8e4df-1b05-4f62-a9d5-b274327eb79f",
    "data": [
      {
        "text": "I\u0027",
        "userDefined": false
      },
      {
        "text": "m",
        "meta": "@sys.ignore",
        "userDefined": false
      },
      {
        "text": " enraged",
        "userDefined": false
      }
    ],
    "isTemplate": false,
    "count": 0,
    "updated": 0
  },
  {
    "id": "0d5c6e18-5e1b-44a6-a085-2bb205af4737",
    "data": [
      {
        "text": "I am angry with you",
        "userDefined": false
      }
    ],
    "isTemplate": false,
    "count": 0,
    "updated": 0
  },
  {
    "id": "bdbe0030-469b-49a4-a32f-d49d8912956d",
    "data": [
      {
        "text": "I am mad",
        "userDefined": false
      }
    ],
    "isTemplate": false,
    "count": 0,
    "updated": 0
  },
  {
    "id": "63faf821-585c-4153-a678-2195a1a3bc27",
    "data": [
      {
        "text": "I am mad at you",
        "userDefined": false
      }
    ],
    "isTemplate": false,
    "count": 0,
    "updated": 0
  },
  {
    "id": "aafe1aa6-1fcb-4089-822e-02cb64ccba61",
    "data": [
      {
        "text": "I\u0027m angry",
        "userDefined": false
      }
    ],
    "isTemplate": false,
    "count": 0,
    "updated": 0
  }
]