[
  {
    "id": "833273e6-71d6-484f-a672-046e3f8c700f",
    "data": [
      {
        "text": "I grow weary",
        "userDefined": false
      }
    ],
    "isTemplate": false,
    "count": 0,
    "updated": 0
  },
  {
    "id": "c938a67e-1cec-4ed2-bb6c-d6b915211a99",
    "data": [
      {
        "text": "I\u0027ve overworked",
        "userDefined": false
      }
    ],
    "isTemplate": false,
    "count": 0,
    "updated": 0
  },
  {
    "id": "d48df5fa-5e0a-4c45-ac16-553c16026710",
    "data": [
      {
        "text": "I ",
        "userDefined": false
      },
      {
        "text": "feel",
        "meta": "@sys.ignore",
        "userDefined": false
      },
      {
        "text": " tired",
        "userDefined": false
      }
    ],
    "isTemplate": false,
    "count": 0,
    "updated": 0
  },
  {
    "id": "dd3d1c94-f0f3-4ad1-bc19-b7bbebf622d3",
    "data": [
      {
        "text": "I\u0027m worn out",
        "userDefined": false
      }
    ],
    "isTemplate": false,
    "count": 0,
    "updated": 0
  },
  {
    "id": "14b5ddc4-f56f-40b6-a4b7-ade19eb4bce0",
    "data": [
      {
        "text": "I am tired",
        "userDefined": false
      }
    ],
    "isTemplate": false,
    "count": 0,
    "updated": 0
  },
  {
    "id": "3c8ddc10-471f-487d-93b4-0d57dcc39eef",
    "data": [
      {
        "text": "I\u0027m getting tired",
        "userDefined": false
      }
    ],
    "isTemplate": false,
    "count": 0,
    "updated": 0
  },
  {
    "id": "99fec78f-2667-4a59-a1be-83150b316df5",
    "data": [
      {
        "text": "I\u0027m drained",
        "userDefined": false
      }
    ],
    "isTemplate": false,
    "count": 0,
    "updated": 0
  },
  {
    "id": "ba290924-ebd6-4bbc-af87-d1401cb32d8a",
    "data": [
      {
        "text": "I\u0027m exhausted",
        "userDefined": false
      }
    ],
    "isTemplate": false,
    "count": 0,
    "updated": 0
  }
]