[
  {
    "id": "712559da-b8fd-41ac-9fa3-cf785ff6e2b0",
    "data": [
      {
        "text": "that\u0027s a ",
        "userDefined": false
      },
      {
        "text": "good",
        "meta": "@sys.ignore",
        "userDefined": true
      },
      {
        "text": " thing",
        "userDefined": false
      }
    ],
    "isTemplate": false,
    "count": 0,
    "updated": 0
  },
  {
    "id": "a7594ace-9881-482e-b6dd-fec6a8e11b2b",
    "data": [
      {
        "text": "that\u0027s awesome ",
        "userDefined": false
      },
      {
        "text": "thank you",
        "meta": "@sys.ignore",
        "userDefined": true
      }
    ],
    "isTemplate": false,
    "count": 0,
    "updated": 0
  },
  {
    "id": "edc8c857-84c0-47cd-9b39-c0719dde7054",
    "data": [
      {
        "text": "really ",
        "userDefined": false
      },
      {
        "text": "well",
        "meta": "@sys.ignore",
        "userDefined": true
      }
    ],
    "isTemplate": false,
    "count": 0,
    "updated": 0
  },
  {
    "id": "1769e764-46cd-4cbf-aedb-7b956f44f590",
    "data": [
      {
        "text": "oh ",
        "userDefined": false
      },
      {
        "text": "well",
        "meta": "@sys.ignore",
        "userDefined": true
      }
    ],
    "isTemplate": false,
    "count": 0,
    "updated": 0
  },
  {
    "id": "86b8d957-cee9-4a07-ab32-2504dab38219",
    "data": [
      {
        "text": "that\u0027s very ",
        "userDefined": false
      },
      {
        "text": "good",
        "meta": "@sys.ignore",
        "userDefined": true
      }
    ],
    "isTemplate": false,
    "count": 2,
    "updated": 0
  },
  {
    "id": "a439c0d5-93cf-4887-b224-c800deaa46ab",
    "data": [
      {
        "text": "that is ",
        "userDefined": false
      },
      {
        "text": "nice",
        "meta": "@sys.ignore",
        "userDefined": true
      }
    ],
    "isTemplate": false,
    "count": 0,
    "updated": 0
  },
  {
    "id": "484d1286-11e8-4782-bf38-753da5595941",
    "data": [
      {
        "text": "that\u0027s better",
        "userDefined": false
      }
    ],
    "isTemplate": false,
    "count": 0,
    "updated": 0
  },
  {
    "id": "296f26c5-fbcc-4541-87cc-0105a205e201",
    "data": [
      {
        "text": "it",
        "meta": "@sys.ignore",
        "userDefined": true
      },
      {
        "text": "\u0027s good",
        "userDefined": false
      }
    ],
    "isTemplate": false,
    "count": 2,
    "updated": 0
  },
  {
    "id": "9b59f24a-504b-46ba-bb92-6b3f91f26a77",
    "data": [
      {
        "text": "that is ",
        "userDefined": false
      },
      {
        "text": "good",
        "meta": "@sys.ignore",
        "userDefined": true
      }
    ],
    "isTemplate": false,
    "count": 0,
    "updated": 0
  },
  {
    "id": "c86a002d-c3cd-476a-b7cc-13ec489fb06d",
    "data": [
      {
        "text": "it\u0027s very good",
        "userDefined": false
      }
    ],
    "isTemplate": false,
    "count": 0,
    "updated": 0
  },
  {
    "id": "1f7dc61f-4aff-4953-960e-60c6f02cdd16",
    "data": [
      {
        "text": "that\u0027s sweet ",
        "userDefined": false
      },
      {
        "text": "of",
        "meta": "@sys.ignore",
        "userDefined": true
      },
      {
        "text": " you",
        "userDefined": false
      }
    ],
    "isTemplate": false,
    "count": 0,
    "updated": 0
  },
  {
    "id": "77a113e6-4fd9-41fa-bdfb-84740431e0d7",
    "data": [
      {
        "text": "that\u0027s a ",
        "userDefined": false
      },
      {
        "text": "good",
        "meta": "@sys.ignore",
        "userDefined": true
      },
      {
        "text": " idea",
        "userDefined": false
      }
    ],
    "isTemplate": false,
    "count": 0,
    "updated": 0
  },
  {
    "id": "8d1af71c-6979-4338-a2a2-af48ad3f845c",
    "data": [
      {
        "text": "it\u0027s fine",
        "userDefined": false
      }
    ],
    "isTemplate": false,
    "count": 0,
    "updated": 0
  },
  {
    "id": "4cde6549-d40a-43eb-aee5-e40a1cbdc125",
    "data": [
      {
        "text": "very nice",
        "userDefined": false
      }
    ],
    "isTemplate": false,
    "count": 0,
    "updated": 0
  },
  {
    "id": "612dd805-cea6-4b8c-84d0-6ee121d28983",
    "data": [
      {
        "text": "it\u0027s",
        "meta": "@sys.ignore",
        "userDefined": true
      },
      {
        "text": " perfect",
        "userDefined": false
      }
    ],
    "isTemplate": false,
    "count": 1,
    "updated": 0
  },
  {
    "id": "48f3bbf8-5049-4efc-88ed-12dc9d3ac14b",
    "data": [
      {
        "text": "that\u0027s ",
        "userDefined": false
      },
      {
        "text": "nice",
        "meta": "@sys.ignore",
        "userDefined": true
      },
      {
        "text": " ",
        "userDefined": false
      },
      {
        "text": "of",
        "meta": "@sys.ignore",
        "userDefined": true
      },
      {
        "text": " you",
        "userDefined": false
      }
    ],
    "isTemplate": false,
    "count": 0,
    "updated": 0
  },
  {
    "id": "3a5bb627-2542-4e16-a7e7-bfe24ef506e8",
    "data": [
      {
        "text": "that\u0027s pretty ",
        "userDefined": false
      },
      {
        "text": "good",
        "meta": "@sys.ignore",
        "userDefined": true
      }
    ],
    "isTemplate": false,
    "count": 0,
    "updated": 0
  },
  {
    "id": "ff43c8b3-5f08-400b-8d5f-938e915c6e2a",
    "data": [
      {
        "text": "sweet",
        "userDefined": false
      }
    ],
    "isTemplate": false,
    "count": 1,
    "updated": 0
  },
  {
    "id": "06007bcc-087a-46ad-893a-8b5d6537a112",
    "data": [
      {
        "text": "fine",
        "meta": "@sys.ignore",
        "userDefined": true
      }
    ],
    "isTemplate": false,
    "count": 0,
    "updated": 0
  },
  {
    "id": "c5beccf0-088a-45bd-99a5-1122b24dc23b",
    "data": [
      {
        "text": "that\u0027s perfect",
        "userDefined": false
      }
    ],
    "isTemplate": false,
    "count": 0,
    "updated": 0
  },
  {
    "id": "47430511-5f70-4777-92f8-868fb22b7f11",
    "data": [
      {
        "text": "very ",
        "userDefined": false
      },
      {
        "text": "nice",
        "meta": "@sys.ignore",
        "userDefined": true
      }
    ],
    "isTemplate": false,
    "count": 0,
    "updated": 0
  },
  {
    "id": "9ad157cd-a265-4143-b5d2-ab75718b8ebf",
    "data": [
      {
        "text": "glad to hear ",
        "userDefined": false
      },
      {
        "text": "it",
        "meta": "@sys.ignore",
        "userDefined": true
      }
    ],
    "isTemplate": false,
    "count": 0,
    "updated": 0
  },
  {
    "id": "0c6bde06-c118-44bc-9423-f4c0f1bd9c9d",
    "data": [
      {
        "text": "that is wonderful",
        "userDefined": false
      }
    ],
    "isTemplate": false,
    "count": 0,
    "updated": 0
  },
  {
    "id": "f0960eac-ff66-4515-a939-767f56edc089",
    "data": [
      {
        "text": "that was cute",
        "userDefined": false
      }
    ],
    "isTemplate": false,
    "count": 0,
    "updated": 0
  },
  {
    "id": "1f14bd2d-8cb5-4a21-8420-68159ef19d1e",
    "data": [
      {
        "text": "much better",
        "userDefined": false
      }
    ],
    "isTemplate": false,
    "count": 0,
    "updated": 0
  },
  {
    "id": "d9d3d9f2-2d7c-4bb7-8966-9e58c7f2580b",
    "data": [
      {
        "text": "it\u0027s",
        "meta": "@sys.ignore",
        "userDefined": true
      },
      {
        "text": " very good",
        "userDefined": false
      }
    ],
    "isTemplate": false,
    "count": 0,
    "updated": 0
  },
  {
    "id": "0c87d395-758f-40ba-a950-88ca8f456cca",
    "data": [
      {
        "text": "not too ",
        "userDefined": false
      },
      {
        "text": "bad",
        "meta": "@sys.ignore",
        "userDefined": true
      }
    ],
    "isTemplate": false,
    "count": 1,
    "updated": 0
  },
  {
    "id": "40a92456-9173-4a30-a14d-621b6cec06cb",
    "data": [
      {
        "text": "that\u0027s wonderful",
        "userDefined": false
      }
    ],
    "isTemplate": false,
    "count": 0,
    "updated": 0
  },
  {
    "id": "5a04e5b3-3672-4ea2-9475-0474ddb7be3f",
    "data": [
      {
        "text": "that was awesome",
        "userDefined": false
      }
    ],
    "isTemplate": false,
    "count": 0,
    "updated": 0
  },
  {
    "id": "46967729-abe8-4513-b8d1-c2be773d6644",
    "data": [
      {
        "text": "good",
        "meta": "@sys.ignore",
        "userDefined": true
      },
      {
        "text": " very ",
        "userDefined": false
      },
      {
        "text": "good",
        "meta": "@sys.ignore",
        "userDefined": true
      }
    ],
    "isTemplate": false,
    "count": 0,
    "updated": 0
  },
  {
    "id": "6876beee-10f4-4989-8bc7-2b2e1d6e6472",
    "data": [
      {
        "text": "that\u0027s much better",
        "userDefined": false
      }
    ],
    "isTemplate": false,
    "count": 0,
    "updated": 0
  },
  {
    "id": "0ca2ff25-f346-43de-bcf6-ded0fcc741e0",
    "data": [
      {
        "text": "fantastic",
        "userDefined": false
      }
    ],
    "isTemplate": false,
    "count": 0,
    "updated": 0
  },
  {
    "id": "5d1cadeb-282f-4773-a421-462d5742a099",
    "data": [
      {
        "text": "good",
        "meta": "@sys.ignore",
        "userDefined": true
      },
      {
        "text": " to know",
        "userDefined": false
      }
    ],
    "isTemplate": false,
    "count": 0,
    "updated": 0
  },
  {
    "id": "da0292a1-d9bb-4980-b8be-acb5e01fddf2",
    "data": [
      {
        "text": "that\u0027s really ",
        "userDefined": false
      },
      {
        "text": "nice",
        "meta": "@sys.ignore",
        "userDefined": true
      }
    ],
    "isTemplate": false,
    "count": 0,
    "updated": 0
  },
  {
    "id": "04d1dde7-e510-40ac-8e19-c04cf345762e",
    "data": [
      {
        "text": "that was pretty ",
        "userDefined": false
      },
      {
        "text": "good",
        "meta": "@sys.ignore",
        "userDefined": true
      }
    ],
    "isTemplate": false,
    "count": 0,
    "updated": 0
  },
  {
    "id": "22b531a3-24ae-49a5-8bd3-ca509f041fd1",
    "data": [
      {
        "text": "ok ",
        "userDefined": false
      },
      {
        "text": "good",
        "meta": "@sys.ignore",
        "userDefined": true
      }
    ],
    "isTemplate": false,
    "count": 0,
    "updated": 0
  },
  {
    "id": "149345af-889b-493e-a961-9edce18e22c8",
    "data": [
      {
        "text": "glad to hear that",
        "userDefined": false
      }
    ],
    "isTemplate": false,
    "count": 0,
    "updated": 0
  },
  {
    "id": "54111256-149c-406c-8d63-cbb2348657be",
    "data": [
      {
        "text": "not ",
        "userDefined": false
      },
      {
        "text": "bad",
        "meta": "@sys.ignore",
        "userDefined": true
      }
    ],
    "isTemplate": false,
    "count": 0,
    "updated": 0
  },
  {
    "id": "86711319-997e-4583-a374-bfa9a8d5f9c0",
    "data": [
      {
        "text": "splendid",
        "userDefined": false
      }
    ],
    "isTemplate": false,
    "count": 0,
    "updated": 0
  },
  {
    "id": "ef20ea3c-748c-4598-ab63-2143c0af5ec2",
    "data": [
      {
        "text": "I\u0027m",
        "meta": "@sys.ignore",
        "userDefined": true
      },
      {
        "text": " glad to hear that",
        "userDefined": false
      }
    ],
    "isTemplate": false,
    "count": 0,
    "updated": 0
  },
  {
    "id": "969e80d2-23f6-4a62-9f7e-dbba59ac0a02",
    "data": [
      {
        "text": "super fantastic",
        "userDefined": false
      }
    ],
    "isTemplate": false,
    "count": 0,
    "updated": 0
  },
  {
    "id": "f865afa3-0cb4-44bb-a1f2-73b0b4e7d832",
    "data": [
      {
        "text": "wonderful",
        "userDefined": false
      }
    ],
    "isTemplate": false,
    "count": 0,
    "updated": 0
  },
  {
    "id": "d50554af-5ab5-4ce1-a2b5-5fcd9aa68ecb",
    "data": [
      {
        "text": "this is ",
        "userDefined": false
      },
      {
        "text": "great",
        "meta": "@sys.ignore",
        "userDefined": true
      }
    ],
    "isTemplate": false,
    "count": 0,
    "updated": 0
  },
  {
    "id": "29e53e61-d573-4ad0-af0c-161008b03cc1",
    "data": [
      {
        "text": "that\u0027s fantastic",
        "userDefined": false
      }
    ],
    "isTemplate": false,
    "count": 0,
    "updated": 0
  },
  {
    "id": "639b8551-b46b-4397-b534-b408fb811f9c",
    "data": [
      {
        "text": "that\u0027s ",
        "userDefined": false
      },
      {
        "text": "nice",
        "meta": "@sys.ignore",
        "userDefined": true
      }
    ],
    "isTemplate": false,
    "count": 1,
    "updated": 0
  },
  {
    "id": "24504b8c-295e-4f55-af30-2bbdaf8d9a3f",
    "data": [
      {
        "text": "it",
        "meta": "@sys.ignore",
        "userDefined": true
      },
      {
        "text": " is ",
        "userDefined": false
      },
      {
        "text": "good",
        "meta": "@sys.ignore",
        "userDefined": true
      }
    ],
    "isTemplate": false,
    "count": 0,
    "updated": 0
  },
  {
    "id": "c412c4d6-bf26-4d85-a2a5-b15d7f398b29",
    "data": [
      {
        "text": "really ",
        "userDefined": false
      },
      {
        "text": "good",
        "meta": "@sys.ignore",
        "userDefined": true
      }
    ],
    "isTemplate": false,
    "count": 1,
    "updated": 0
  },
  {
    "id": "997c72a7-7318-46a5-80d8-8446dd00bba1",
    "data": [
      {
        "text": "good",
        "meta": "@sys.ignore",
        "userDefined": true
      },
      {
        "text": " for you",
        "userDefined": false
      }
    ],
    "isTemplate": false,
    "count": 0,
    "updated": 0
  },
  {
    "id": "3d3ff417-3007-414c-ad71-4b6e8f554e6a",
    "data": [
      {
        "text": "cool",
        "meta": "@sys.ignore",
        "userDefined": false
      }
    ],
    "isTemplate": false,
    "count": 0,
    "updated": 0
  },
  {
    "id": "7e09cd7d-1eba-457e-b352-3e05ce016784",
    "data": [
      {
        "text": "straight",
        "userDefined": false
      }
    ],
    "isTemplate": false,
    "count": 0,
    "updated": 0
  },
  {
    "id": "bce5a9e8-5fdd-4bec-8783-aa5501021039",
    "data": [
      {
        "text": "that\u0027s great",
        "userDefined": false
      }
    ],
    "isTemplate": false,
    "count": 0,
    "updated": 0
  },
  {
    "id": "f9d8940c-f358-4128-9939-a6357766545f",
    "data": [
      {
        "text": "great",
        "meta": "@sys.ignore",
        "userDefined": true
      }
    ],
    "isTemplate": false,
    "count": 1,
    "updated": 0
  },
  {
    "id": "db94b574-978e-4448-b4c3-b2f23417dcc4",
    "data": [
      {
        "text": "it\u0027s amazing",
        "userDefined": false
      }
    ],
    "isTemplate": false,
    "count": 0,
    "updated": 0
  },
  {
    "id": "10f77776-cd55-4e0b-8d10-e15cd7824a61",
    "data": [
      {
        "text": "perfect",
        "userDefined": false
      }
    ],
    "isTemplate": false,
    "count": 1,
    "updated": 0
  },
  {
    "id": "eba77f26-1fbf-4a94-9a97-99a4a4491c61",
    "data": [
      {
        "text": "that\u0027s cute",
        "userDefined": false
      }
    ],
    "isTemplate": false,
    "count": 0,
    "updated": 0
  },
  {
    "id": "92857162-2baf-4398-a10e-b11f16798734",
    "data": [
      {
        "text": "it",
        "meta": "@sys.ignore",
        "userDefined": true
      },
      {
        "text": " was ",
        "userDefined": false
      },
      {
        "text": "good",
        "meta": "@sys.ignore",
        "userDefined": true
      }
    ],
    "isTemplate": false,
    "count": 0,
    "updated": 0
  },
  {
    "id": "36dc6f59-87e0-456d-b202-453b6b5a74e0",
    "data": [
      {
        "text": "so sweet ",
        "userDefined": false
      },
      {
        "text": "of",
        "meta": "@sys.ignore",
        "userDefined": true
      },
      {
        "text": " you",
        "userDefined": false
      }
    ],
    "isTemplate": false,
    "count": 0,
    "updated": 0
  },
  {
    "id": "acc07ef4-845b-4753-a1be-6eeade81af3c",
    "data": [
      {
        "text": "amazing",
        "userDefined": false
      }
    ],
    "isTemplate": false,
    "count": 0,
    "updated": 0
  },
  {
    "id": "0d723906-c058-443e-8a86-a863b8cdad5a",
    "data": [
      {
        "text": "terrific",
        "userDefined": false
      }
    ],
    "isTemplate": false,
    "count": 1,
    "updated": 0
  },
  {
    "id": "3bad467b-4e8d-45d0-baef-41555a1a8fc6",
    "data": [
      {
        "text": "pleasant",
        "userDefined": false
      }
    ],
    "isTemplate": false,
    "count": 0,
    "updated": 0
  },
  {
    "id": "74695cfd-671a-48d1-8d87-db7e52eea234",
    "data": [
      {
        "text": "that\u0027s really ",
        "userDefined": false
      },
      {
        "text": "good",
        "meta": "@sys.ignore",
        "userDefined": true
      }
    ],
    "isTemplate": false,
    "count": 0,
    "updated": 0
  },
  {
    "id": "f014ebae-5f53-4f86-a2b9-4529d2b60012",
    "data": [
      {
        "text": "that\u0027s awesome",
        "userDefined": false
      }
    ],
    "isTemplate": false,
    "count": 0,
    "updated": 0
  },
  {
    "id": "b88f1e60-40db-4f07-8fe9-c1f87305fe75",
    "data": [
      {
        "text": "very ",
        "userDefined": false
      },
      {
        "text": "good",
        "meta": "@sys.ignore",
        "userDefined": true
      }
    ],
    "isTemplate": false,
    "count": 0,
    "updated": 0
  },
  {
    "id": "e03509cc-425d-4464-8b4c-9e33e2fb921f",
    "data": [
      {
        "text": "so ",
        "userDefined": false
      },
      {
        "text": "cool",
        "meta": "@sys.ignore",
        "userDefined": false
      }
    ],
    "isTemplate": false,
    "count": 0,
    "updated": 0
  },
  {
    "id": "d582dd4a-ee2c-4668-b417-bb19648b5914",
    "data": [
      {
        "text": "it",
        "meta": "@sys.ignore",
        "userDefined": true
      },
      {
        "text": "\u0027s great",
        "userDefined": false
      }
    ],
    "isTemplate": false,
    "count": 3,
    "updated": 0
  },
  {
    "id": "e6acccf8-c99d-47d7-b1a5-23312b2446c7",
    "data": [
      {
        "text": "this is awesome",
        "userDefined": false
      }
    ],
    "isTemplate": false,
    "count": 0,
    "updated": 0
  },
  {
    "id": "45917f08-6d1f-462a-9d23-80251f7ace90",
    "data": [
      {
        "text": "very ",
        "userDefined": false
      },
      {
        "text": "well",
        "meta": "@sys.ignore",
        "userDefined": true
      }
    ],
    "isTemplate": false,
    "count": 0,
    "updated": 0
  },
  {
    "id": "3199b457-2fd6-477e-8a82-0810ae54543d",
    "data": [
      {
        "text": "very then",
        "userDefined": false
      }
    ],
    "isTemplate": false,
    "count": 0,
    "updated": 0
  },
  {
    "id": "a1372c8f-45d5-4890-a4a1-98982ed9a524",
    "data": [
      {
        "text": "nice",
        "meta": "@sys.ignore",
        "userDefined": true
      }
    ],
    "isTemplate": false,
    "count": 0,
    "updated": 0
  },
  {
    "id": "a872e3e5-df89-4f3a-b9d5-e6a5b23b60f7",
    "data": [
      {
        "text": "it",
        "meta": "@sys.ignore",
        "userDefined": true
      },
      {
        "text": " is ",
        "userDefined": false
      },
      {
        "text": "fine",
        "meta": "@sys.ignore",
        "userDefined": true
      }
    ],
    "isTemplate": false,
    "count": 0,
    "updated": 0
  },
  {
    "id": "76497f11-6a9d-485c-ad2c-d052fcf06639",
    "data": [
      {
        "text": "that\u0027s amazing",
        "userDefined": false
      }
    ],
    "isTemplate": false,
    "count": 0,
    "updated": 0
  },
  {
    "id": "6dc8fce6-a937-42cc-b25d-40545d9655e4",
    "data": [
      {
        "text": "that is awesome",
        "userDefined": false
      }
    ],
    "isTemplate": false,
    "count": 1,
    "updated": 0
  },
  {
    "id": "848f7741-0eb5-486c-bf2e-5a6d755c319c",
    "data": [
      {
        "text": "so ",
        "userDefined": false
      },
      {
        "text": "good",
        "meta": "@sys.ignore",
        "userDefined": true
      }
    ],
    "isTemplate": false,
    "count": 0,
    "updated": 0
  },
  {
    "id": "5ae37260-993a-4f91-9a3e-bacbe17ae836",
    "data": [
      {
        "text": "that was good",
        "userDefined": false
      }
    ],
    "isTemplate": false,
    "count": 0,
    "updated": 0
  },
  {
    "id": "d695a7ae-8e48-4d98-a8be-bac9e49f74fe",
    "data": [
      {
        "text": "pretty ",
        "userDefined": false
      },
      {
        "text": "good",
        "meta": "@sys.ignore",
        "userDefined": true
      }
    ],
    "isTemplate": false,
    "count": 0,
    "updated": 0
  },
  {
    "id": "bf2d3155-9529-4013-8d30-180cf2b46a67",
    "data": [
      {
        "text": "that was very ",
        "userDefined": false
      },
      {
        "text": "good",
        "meta": "@sys.ignore",
        "userDefined": true
      }
    ],
    "isTemplate": false,
    "count": 0,
    "updated": 0
  },
  {
    "id": "a876c4db-15ff-4290-ac6a-15c23cca0de3",
    "data": [
      {
        "text": "that was amazing",
        "userDefined": false
      }
    ],
    "isTemplate": false,
    "count": 0,
    "updated": 0
  },
  {
    "id": "b77ae443-f4c2-466a-ae0d-164ea8aa5f7b",
    "data": [
      {
        "text": "that\u0027s very ",
        "userDefined": false
      },
      {
        "text": "nice",
        "meta": "@sys.ignore",
        "userDefined": true
      }
    ],
    "isTemplate": false,
    "count": 1,
    "updated": 0
  },
  {
    "id": "4b5818ae-9aeb-4c06-83f2-ae3a18f577ac",
    "data": [
      {
        "text": "good",
        "meta": "@sys.ignore",
        "userDefined": true
      }
    ],
    "isTemplate": false,
    "count": 1,
    "updated": 0
  },
  {
    "id": "e16dad75-e36f-4303-ad60-650f7f20cd4d",
    "data": [
      {
        "text": "that\u0027s fine",
        "userDefined": false
      }
    ],
    "isTemplate": false,
    "count": 0,
    "updated": 0
  },
  {
    "id": "e8366829-a8cf-4621-85e7-13984c5df4d4",
    "data": [
      {
        "text": "that\u0027s ",
        "userDefined": false
      },
      {
        "text": "great",
        "meta": "@sys.ignore",
        "userDefined": true
      }
    ],
    "isTemplate": false,
    "count": 3,
    "updated": 0
  },
  {
    "id": "02ea3776-15d0-4179-b4b9-54302e89883c",
    "data": [
      {
        "text": "marvelous",
        "userDefined": false
      }
    ],
    "isTemplate": false,
    "count": 0,
    "updated": 0
  },
  {
    "id": "b81b0cfd-e5a3-433b-95d5-62e7a5f8f958",
    "data": [
      {
        "text": "okay good",
        "userDefined": false
      }
    ],
    "isTemplate": false,
    "count": 0,
    "updated": 0
  },
  {
    "id": "40b3f848-3740-4c1c-b8cb-10a7cc8c731e",
    "data": [
      {
        "text": "this is ",
        "userDefined": false
      },
      {
        "text": "good",
        "meta": "@sys.ignore",
        "userDefined": true
      }
    ],
    "isTemplate": false,
    "count": 0,
    "updated": 0
  },
  {
    "id": "56907a54-729a-450b-9006-ac1521c71080",
    "data": [
      {
        "text": "that\u0027s ",
        "userDefined": false
      },
      {
        "text": "fine",
        "meta": "@sys.ignore",
        "userDefined": true
      }
    ],
    "isTemplate": false,
    "count": 0,
    "updated": 0
  },
  {
    "id": "85cffd58-24b5-440f-8bb6-4ea05d2b653e",
    "data": [
      {
        "text": "it\u0027s",
        "meta": "@sys.ignore",
        "userDefined": true
      },
      {
        "text": " ",
        "userDefined": false
      },
      {
        "text": "great",
        "meta": "@sys.ignore",
        "userDefined": true
      }
    ],
    "isTemplate": false,
    "count": 0,
    "updated": 0
  },
  {
    "id": "88dbfcb4-f6c1-4e8a-90a4-82abd17bf517",
    "data": [
      {
        "text": "no ",
        "userDefined": false
      },
      {
        "text": "it",
        "meta": "@sys.ignore",
        "userDefined": true
      },
      {
        "text": "\u0027s ",
        "userDefined": false
      },
      {
        "text": "okay",
        "meta": "@sys.ignore",
        "userDefined": true
      }
    ],
    "isTemplate": false,
    "count": 0,
    "updated": 0
  },
  {
    "id": "16227856-1f01-4b28-9b0e-50493f103327",
    "data": [
      {
        "text": "super",
        "userDefined": false
      }
    ],
    "isTemplate": false,
    "count": 0,
    "updated": 0
  },
  {
    "id": "4ed6ea58-94d5-45cb-b7ae-841a364b8425",
    "data": [
      {
        "text": "that\u0027s very ",
        "userDefined": false
      },
      {
        "text": "nice",
        "meta": "@sys.ignore",
        "userDefined": true
      },
      {
        "text": " ",
        "userDefined": false
      },
      {
        "text": "of",
        "meta": "@sys.ignore",
        "userDefined": true
      },
      {
        "text": " you",
        "userDefined": false
      }
    ],
    "isTemplate": false,
    "count": 0,
    "updated": 0
  },
  {
    "id": "7e40135a-5ad0-4597-a479-24ddd846ee41",
    "data": [
      {
        "text": "excellent",
        "userDefined": false
      }
    ],
    "isTemplate": false,
    "count": 0,
    "updated": 0
  },
  {
    "id": "d34709e9-377c-46d7-b151-ab085e04b454",
    "data": [
      {
        "text": "that\u0027s not ",
        "userDefined": false
      },
      {
        "text": "bad",
        "meta": "@sys.ignore",
        "userDefined": true
      }
    ],
    "isTemplate": false,
    "count": 0,
    "updated": 0
  },
  {
    "id": "aed454db-55a0-42b5-860c-56b75b9b1278",
    "data": [
      {
        "text": "good",
        "meta": "@sys.ignore",
        "userDefined": true
      },
      {
        "text": " thing",
        "userDefined": false
      }
    ],
    "isTemplate": false,
    "count": 0,
    "updated": 0
  },
  {
    "id": "aa9e10f5-e332-4b23-a262-884b1f1a00ee",
    "data": [
      {
        "text": "it\u0027s awesome",
        "userDefined": false
      }
    ],
    "isTemplate": false,
    "count": 0,
    "updated": 0
  },
  {
    "id": "632877a6-345c-4d98-9576-baad6bc6a417",
    "data": [
      {
        "text": "really ",
        "userDefined": false
      },
      {
        "text": "nice",
        "meta": "@sys.ignore",
        "userDefined": true
      }
    ],
    "isTemplate": false,
    "count": 0,
    "updated": 0
  }
]