[
  {
    "id": "b1ba4ed6-4648-4960-a978-66acc6e0c3b5",
    "data": [
      {
        "text": "I have no time",
        "userDefined": false
      }
    ],
    "isTemplate": false,
    "count": 0,
    "updated": 0
  },
  {
    "id": "e2c8d982-3c73-4365-9419-d10fc48b3f5d",
    "data": [
      {
        "text": "I\u0027m busy",
        "userDefined": false
      }
    ],
    "isTemplate": false,
    "count": 0,
    "updated": 0
  },
  {
    "id": "5c6f3c4c-a655-4e59-985f-c52b37ddea88",
    "data": [
      {
        "text": "I got things to do",
        "userDefined": false
      }
    ],
    "isTemplate": false,
    "count": 0,
    "updated": 0
  },
  {
    "id": "faa6d5b7-7bac-4f8f-a02d-0674cc544b76",
    "data": [
      {
        "text": "I\u0027m overloaded",
        "userDefined": false
      }
    ],
    "isTemplate": false,
    "count": 0,
    "updated": 0
  },
  {
    "id": "e41c4615-a779-4ff5-a33e-bb1f596fc2bf",
    "data": [
      {
        "text": "I don\u0027t have time for this",
        "userDefined": false
      }
    ],
    "isTemplate": false,
    "count": 0,
    "updated": 0
  },
  {
    "id": "1feae202-12a9-4027-98f2-2f0e0612d78f",
    "data": [
      {
        "text": "I\u0027m swamped",
        "userDefined": false
      }
    ],
    "isTemplate": false,
    "count": 0,
    "updated": 0
  },
  {
    "id": "9449a6b9-876b-45a6-b227-5a20e6560f0f",
    "data": [
      {
        "text": "how busy I am",
        "userDefined": false
      }
    ],
    "isTemplate": false,
    "count": 0,
    "updated": 0
  },
  {
    "id": "e55df569-9a4f-4f0e-a49c-74b4cd997a7e",
    "data": [
      {
        "text": "I\u0027m working",
        "userDefined": false
      }
    ],
    "isTemplate": false,
    "count": 0,
    "updated": 0
  },
  {
    "id": "96f4f5fd-597f-4c5f-8bf4-5d1a13a470b1",
    "data": [
      {
        "text": "I got work to do",
        "userDefined": false
      }
    ],
    "isTemplate": false,
    "count": 0,
    "updated": 0
  }
]