[
  {
    "id": "97d908ba-f765-48de-a794-1633027876f9",
    "data": [
      {
        "text": "I grow weary",
        "userDefined": false
      }
    ],
    "isTemplate": false,
    "count": 0,
    "updated": 0
  },
  {
    "id": "bb15cd62-8ea4-45c6-bcef-e02480b05429",
    "data": [
      {
        "text": "I\u0027ve overworked",
        "userDefined": false
      }
    ],
    "isTemplate": false,
    "count": 0,
    "updated": 0
  },
  {
    "id": "9b5388a5-0e54-43ce-8993-4675d1c4c031",
    "data": [
      {
        "text": "I ",
        "userDefined": false
      },
      {
        "text": "feel",
        "meta": "@sys.ignore",
        "userDefined": false
      },
      {
        "text": " tired",
        "userDefined": false
      }
    ],
    "isTemplate": false,
    "count": 0,
    "updated": 0
  },
  {
    "id": "582ccf56-d5fd-48ce-8d8a-04374101cfc0",
    "data": [
      {
        "text": "I\u0027m worn out",
        "userDefined": false
      }
    ],
    "isTemplate": false,
    "count": 0,
    "updated": 0
  },
  {
    "id": "7dc3a953-01f9-49e4-95dc-80e032b9f73d",
    "data": [
      {
        "text": "I am tired",
        "userDefined": false
      }
    ],
    "isTemplate": false,
    "count": 0,
    "updated": 0
  },
  {
    "id": "fb3042ff-3e73-4d9e-9de8-6199f4491ac4",
    "data": [
      {
        "text": "I\u0027m getting tired",
        "userDefined": false
      }
    ],
    "isTemplate": false,
    "count": 0,
    "updated": 0
  },
  {
    "id": "f3e6d71c-9d17-4a54-8c61-f2b31a35d9cc",
    "data": [
      {
        "text": "I\u0027m drained",
        "userDefined": false
      }
    ],
    "isTemplate": false,
    "count": 0,
    "updated": 0
  },
  {
    "id": "1076a773-7e4b-4297-a60b-e823226083ea",
    "data": [
      {
        "text": "I\u0027m exhausted",
        "userDefined": false
      }
    ],
    "isTemplate": false,
    "count": 0,
    "updated": 0
  }
]