[
  {
    "id": "9279c91b-b10d-4734-8db0-fd5fdd0fd8a7",
    "data": [
      {
        "text": "yeah exactly",
        "userDefined": false
      }
    ],
    "isTemplate": false,
    "count": 0,
    "updated": 0
  },
  {
    "id": "f3867607-e5fa-49a6-bb42-a6e82145b682",
    "data": [
      {
        "text": "okay that\u0027s ",
        "userDefined": false
      },
      {
        "text": "fine",
        "meta": "@sys.ignore",
        "userDefined": true
      }
    ],
    "isTemplate": false,
    "count": 0,
    "updated": 0
  },
  {
    "id": "2c8e6f18-de93-4352-8c6c-ee27a47d964f",
    "data": [
      {
        "text": "I agree",
        "userDefined": false
      }
    ],
    "isTemplate": false,
    "count": 0,
    "updated": 0
  },
  {
    "id": "6db2efc0-e9c3-4576-9e90-501ffe3611c9",
    "data": [
      {
        "text": "that is ok",
        "userDefined": false
      }
    ],
    "isTemplate": false,
    "count": 0,
    "updated": 0
  },
  {
    "id": "690eb942-3589-407e-ba42-64e3b4793853",
    "data": [
      {
        "text": "I guess",
        "userDefined": false
      }
    ],
    "isTemplate": false,
    "count": 0,
    "updated": 0
  },
  {
    "id": "d26ef869-f98c-4e87-9a43-3bcfdf7567c3",
    "data": [
      {
        "text": "okey",
        "userDefined": false
      }
    ],
    "isTemplate": false,
    "count": 1,
    "updated": 0
  },
  {
    "id": "26dad054-6e5f-4aba-92ff-2c6a0353bf85",
    "data": [
      {
        "text": "ye",
        "userDefined": false
      }
    ],
    "isTemplate": false,
    "count": 0,
    "updated": 0
  },
  {
    "id": "e5d9dad6-2af9-4733-932d-3fdff2374922",
    "data": [
      {
        "text": "ya",
        "userDefined": false
      }
    ],
    "isTemplate": false,
    "count": 0,
    "updated": 0
  },
  {
    "id": "f189acce-d34d-4995-9947-9bf86229486f",
    "data": [
      {
        "text": "ok yes",
        "userDefined": false
      }
    ],
    "isTemplate": false,
    "count": 0,
    "updated": 0
  },
  {
    "id": "5b25a05f-40db-4ead-b2c2-b10ef7bdfbbf",
    "data": [
      {
        "text": "yes ",
        "userDefined": false
      },
      {
        "text": "it",
        "meta": "@sys.ignore",
        "userDefined": true
      },
      {
        "text": " is",
        "userDefined": false
      }
    ],
    "isTemplate": false,
    "count": 1,
    "updated": 0
  },
  {
    "id": "b599eaa4-9544-43db-9597-1cacdf83594c",
    "data": [
      {
        "text": "yeah right",
        "userDefined": false
      }
    ],
    "isTemplate": false,
    "count": 0,
    "updated": 0
  },
  {
    "id": "571c574b-5aad-4472-a051-d3c5428d050c",
    "data": [
      {
        "text": "obviously",
        "userDefined": false
      }
    ],
    "isTemplate": false,
    "count": 0,
    "updated": 0
  },
  {
    "id": "4298b6b4-b831-4449-8b2c-d9cfe591a5d5",
    "data": [
      {
        "text": "ok ",
        "userDefined": false
      },
      {
        "text": "sure",
        "meta": "@sys.ignore",
        "userDefined": true
      }
    ],
    "isTemplate": false,
    "count": 0,
    "updated": 0
  },
  {
    "id": "5e8b16c2-8a4d-47c8-8ae6-00d67ed24725",
    "data": [
      {
        "text": "go for ",
        "userDefined": false
      },
      {
        "text": "it",
        "meta": "@sys.ignore",
        "userDefined": false
      }
    ],
    "isTemplate": false,
    "count": 0,
    "updated": 0
  },
  {
    "id": "94423b6f-338a-43e5-b550-2e15743b8cb6",
    "data": [
      {
        "text": "yeh",
        "userDefined": false
      }
    ],
    "isTemplate": false,
    "count": 0,
    "updated": 0
  },
  {
    "id": "99eda1a9-36b5-472b-8349-982b6f954721",
    "data": [
      {
        "text": "ok go ahead",
        "userDefined": false
      }
    ],
    "isTemplate": false,
    "count": 0,
    "updated": 0
  },
  {
    "id": "e75b2fe2-e0e5-4be9-bb5b-34ba76c1d66b",
    "data": [
      {
        "text": "yeah go ahead",
        "userDefined": false
      }
    ],
    "isTemplate": false,
    "count": 0,
    "updated": 0
  },
  {
    "id": "e71301bc-b02c-4f6d-b372-b0da7a187ad3",
    "data": [
      {
        "text": "certainly",
        "userDefined": false
      }
    ],
    "isTemplate": false,
    "count": 0,
    "updated": 0
  },
  {
    "id": "4795e26f-39b4-4f37-823d-ae959702bae2",
    "data": [
      {
        "text": "ok",
        "userDefined": false
      }
    ],
    "isTemplate": false,
    "count": 0,
    "updated": 0
  },
  {
    "id": "babeb365-05f3-476c-b861-7f299e196ca2",
    "data": [
      {
        "text": "why not",
        "userDefined": false
      }
    ],
    "isTemplate": false,
    "count": 0,
    "updated": 0
  },
  {
    "id": "1f84ca56-88d9-45ad-bccf-351dc279e873",
    "data": [
      {
        "text": "sure",
        "meta": "@sys.ignore",
        "userDefined": true
      },
      {
        "text": " is",
        "userDefined": false
      }
    ],
    "isTemplate": false,
    "count": 0,
    "updated": 0
  },
  {
    "id": "d1458e7a-2266-4de6-8794-8fed1b639b17",
    "data": [
      {
        "text": "yes indeed",
        "userDefined": false
      }
    ],
    "isTemplate": false,
    "count": 0,
    "updated": 0
  },
  {
    "id": "68dc4754-491d-44ca-9f3c-363695a181cb",
    "data": [
      {
        "text": "I do",
        "userDefined": false
      }
    ],
    "isTemplate": false,
    "count": 0,
    "updated": 0
  },
  {
    "id": "266361fd-79de-465a-b28b-5afae43feb51",
    "data": [
      {
        "text": "right",
        "userDefined": false
      }
    ],
    "isTemplate": false,
    "count": 0,
    "updated": 0
  },
  {
    "id": "42ab3f66-ad3b-48d8-9b94-210257244296",
    "data": [
      {
        "text": "sure",
        "meta": "@sys.ignore",
        "userDefined": true
      },
      {
        "text": " thing",
        "userDefined": false
      }
    ],
    "isTemplate": false,
    "count": 0,
    "updated": 0
  },
  {
    "id": "c44a4207-7e1f-4f2c-b0bd-d6f35f498a59",
    "data": [
      {
        "text": "yes",
        "userDefined": false
      }
    ],
    "isTemplate": false,
    "count": 0,
    "updated": 0
  },
  {
    "id": "60f0a2c2-74f1-48ff-982f-64dc05a0e2eb",
    "data": [
      {
        "text": "okie dokie",
        "userDefined": false
      }
    ],
    "isTemplate": false,
    "count": 0,
    "updated": 0
  },
  {
    "id": "584e0e41-b41f-491e-80e4-29862b162fb0",
    "data": [
      {
        "text": "yea",
        "userDefined": false
      }
    ],
    "isTemplate": false,
    "count": 1,
    "updated": 0
  },
  {
    "id": "66311c2d-b079-4c73-9cb9-6edf1366fbd6",
    "data": [
      {
        "text": "absolutely",
        "userDefined": false
      }
    ],
    "isTemplate": false,
    "count": 0,
    "updated": 0
  },
  {
    "id": "6d68afca-ea2b-4476-96bc-062a9ab15273",
    "data": [
      {
        "text": "yes this is correct",
        "userDefined": false
      }
    ],
    "isTemplate": false,
    "count": 0,
    "updated": 0
  },
  {
    "id": "c8e3e205-91e4-4289-b2dd-b701bc0248c5",
    "data": [
      {
        "text": "yeah that\u0027s right",
        "userDefined": false
      }
    ],
    "isTemplate": false,
    "count": 0,
    "updated": 0
  },
  {
    "id": "9f286490-f43d-483e-b434-4c6bc52d0160",
    "data": [
      {
        "text": "sure",
        "meta": "@sys.ignore",
        "userDefined": true
      },
      {
        "text": " why not",
        "userDefined": false
      }
    ],
    "isTemplate": false,
    "count": 0,
    "updated": 0
  },
  {
    "id": "fe520f9f-3f0a-462d-ae65-33cb1b050148",
    "data": [
      {
        "text": "yes correct",
        "userDefined": false
      }
    ],
    "isTemplate": false,
    "count": 0,
    "updated": 0
  },
  {
    "id": "9bed6717-4464-4346-9b27-481a502635c6",
    "data": [
      {
        "text": "okay",
        "userDefined": false
      }
    ],
    "isTemplate": false,
    "count": 0,
    "updated": 0
  },
  {
    "id": "53572e22-0a93-4cf5-ba75-037fe788a30c",
    "data": [
      {
        "text": "of",
        "meta": "@sys.ignore",
        "userDefined": false
      },
      {
        "text": " course",
        "userDefined": false
      }
    ],
    "isTemplate": false,
    "count": 0,
    "updated": 0
  },
  {
    "id": "d1caa9a3-84f0-4ac2-b115-0ec5cc7b916d",
    "data": [
      {
        "text": "yep",
        "userDefined": false
      }
    ],
    "isTemplate": false,
    "count": 0,
    "updated": 0
  },
  {
    "id": "f93936ae-b8e7-44c5-a6c6-bdccf04be13a",
    "data": [
      {
        "text": "okay sounds ",
        "userDefined": false
      },
      {
        "text": "good",
        "meta": "@sys.ignore",
        "userDefined": true
      }
    ],
    "isTemplate": false,
    "count": 0,
    "updated": 0
  },
  {
    "id": "3d034419-1af3-4e40-b8af-4dc8e8e38219",
    "data": [
      {
        "text": "ok ",
        "userDefined": false
      },
      {
        "text": "thank you",
        "meta": "@sys.ignore",
        "userDefined": true
      }
    ],
    "isTemplate": false,
    "count": 0,
    "updated": 0
  },
  {
    "id": "d9e4c2b4-d508-414e-9383-d10c16391e7e",
    "data": [
      {
        "text": "definitely",
        "userDefined": false
      }
    ],
    "isTemplate": false,
    "count": 0,
    "updated": 0
  },
  {
    "id": "4742b43a-63e5-4f81-a8c3-760b9fdc69cb",
    "data": [
      {
        "text": "yap",
        "userDefined": false
      }
    ],
    "isTemplate": false,
    "count": 0,
    "updated": 0
  },
  {
    "id": "cb96dae4-46f9-44cc-b254-e99d0dc7fe4f",
    "data": [
      {
        "text": "all",
        "meta": "@sys.ignore",
        "userDefined": true
      },
      {
        "text": " ",
        "userDefined": false
      },
      {
        "text": "right",
        "meta": "@sys.ignore",
        "userDefined": true
      }
    ],
    "isTemplate": false,
    "count": 0,
    "updated": 0
  },
  {
    "id": "80224a36-35f2-458f-a8d8-00dedab0f46b",
    "data": [
      {
        "text": "yes definitely",
        "userDefined": false
      }
    ],
    "isTemplate": false,
    "count": 0,
    "updated": 0
  },
  {
    "id": "02cf9910-f530-4d95-92a7-123a42593f51",
    "data": [
      {
        "text": "yes ",
        "userDefined": false
      },
      {
        "text": "sure",
        "meta": "@sys.ignore",
        "userDefined": true
      }
    ],
    "isTemplate": false,
    "count": 0,
    "updated": 0
  },
  {
    "id": "1b9111db-7c3c-4f12-89e1-995c6aa96e7e",
    "data": [
      {
        "text": "go ahead",
        "userDefined": false
      }
    ],
    "isTemplate": false,
    "count": 0,
    "updated": 0
  },
  {
    "id": "1d698ee1-2676-4d46-a1c8-d25b590f826c",
    "data": [
      {
        "text": "yes I would like to",
        "userDefined": false
      }
    ],
    "isTemplate": false,
    "count": 0,
    "updated": 0
  },
  {
    "id": "71aac8db-e698-4984-9077-86bdb5196c8a",
    "data": [
      {
        "text": "yes ",
        "userDefined": false
      },
      {
        "text": "it",
        "meta": "@sys.ignore",
        "userDefined": true
      },
      {
        "text": " is correct",
        "userDefined": false
      }
    ],
    "isTemplate": false,
    "count": 0,
    "updated": 0
  },
  {
    "id": "d239ab80-0e9d-420b-9454-ac3b2cfdd767",
    "data": [
      {
        "text": "nevermind",
        "meta": "@sys.ignore",
        "userDefined": true
      },
      {
        "text": " its okay",
        "userDefined": false
      }
    ],
    "isTemplate": false,
    "count": 0,
    "updated": 0
  },
  {
    "id": "6e8ca2c7-cf36-40a7-a010-1813103cbc9f",
    "data": [
      {
        "text": "do ",
        "userDefined": false
      },
      {
        "text": "it",
        "meta": "@sys.ignore",
        "userDefined": false
      }
    ],
    "isTemplate": false,
    "count": 0,
    "updated": 0
  },
  {
    "id": "c78da29c-2902-486a-bb15-8b41a8e80ef8",
    "data": [
      {
        "text": "it\u0027",
        "meta": "@sys.ignore",
        "userDefined": true
      },
      {
        "text": "s ",
        "userDefined": false
      },
      {
        "text": "fine",
        "meta": "@sys.ignore",
        "userDefined": true
      }
    ],
    "isTemplate": false,
    "count": 0,
    "updated": 0
  },
  {
    "id": "8f9b8e02-50ed-4f3d-bfb4-6fdc3b39dd4c",
    "data": [
      {
        "text": "yup",
        "userDefined": false
      }
    ],
    "isTemplate": false,
    "count": 3,
    "updated": 0
  },
  {
    "id": "4569b943-0a08-416f-922a-711cfa3528fd",
    "data": [
      {
        "text": "this is correct",
        "userDefined": false
      }
    ],
    "isTemplate": false,
    "count": 0,
    "updated": 0
  },
  {
    "id": "11fe8332-41bc-4291-8d2f-1314d7f42d09",
    "data": [
      {
        "text": "yeah",
        "userDefined": false
      }
    ],
    "isTemplate": false,
    "count": 0,
    "updated": 0
  },
  {
    "id": "e865e817-ccc4-4478-bf4c-2c0a5eafb947",
    "data": [
      {
        "text": "sure",
        "meta": "@sys.ignore",
        "userDefined": false
      }
    ],
    "isTemplate": false,
    "count": 0,
    "updated": 0
  },
  {
    "id": "741574f9-6918-4295-bcf9-67f8ef7273cd",
    "data": [
      {
        "text": "alrighty",
        "userDefined": false
      }
    ],
    "isTemplate": false,
    "count": 0,
    "updated": 0
  },
  {
    "id": "45703a44-6812-4748-ba03-6e3c4ec2fb27",
    "data": [
      {
        "text": "oh yes",
        "userDefined": false
      }
    ],
    "isTemplate": false,
    "count": 1,
    "updated": 0
  },
  {
    "id": "8ab53f5f-d149-4768-91f8-1a63619de11c",
    "data": [
      {
        "text": "okay then",
        "userDefined": false
      }
    ],
    "isTemplate": false,
    "count": 0,
    "updated": 0
  },
  {
    "id": "d1e4da5e-1983-4e02-a17f-7552f58b95fa",
    "data": [
      {
        "text": "affirmative",
        "userDefined": false
      }
    ],
    "isTemplate": false,
    "count": 0,
    "updated": 0
  },
  {
    "id": "e173c94a-a9fb-4e80-bf8c-7d200349d563",
    "data": [
      {
        "text": "yes right",
        "userDefined": false
      }
    ],
    "isTemplate": false,
    "count": 0,
    "updated": 0
  },
  {
    "id": "d8426de5-6857-470a-8922-c736e658dcce",
    "data": [
      {
        "text": "yes ",
        "userDefined": false
      },
      {
        "text": "thank you",
        "meta": "@sys.ignore",
        "userDefined": true
      }
    ],
    "isTemplate": false,
    "count": 0,
    "updated": 0
  },
  {
    "id": "adf343ff-38bb-4b32-b506-4a0b5bcf4eeb",
    "data": [
      {
        "text": "confirmed",
        "userDefined": false
      }
    ],
    "isTemplate": false,
    "count": 0,
    "updated": 0
  },
  {
    "id": "88a83767-1511-474e-b976-d6b09e51fffc",
    "data": [
      {
        "text": "looks ",
        "userDefined": false
      },
      {
        "text": "good",
        "meta": "@sys.ignore",
        "userDefined": true
      }
    ],
    "isTemplate": false,
    "count": 0,
    "updated": 0
  },
  {
    "id": "db938920-e34d-43c9-b8d5-2a52e4364dcd",
    "data": [
      {
        "text": "ok you can",
        "userDefined": false
      }
    ],
    "isTemplate": false,
    "count": 0,
    "updated": 0
  },
  {
    "id": "13dcbfb3-8623-4085-91e2-f1eb7ad1cb97",
    "data": [
      {
        "text": "yes I agree",
        "userDefined": false
      }
    ],
    "isTemplate": false,
    "count": 0,
    "updated": 0
  },
  {
    "id": "18d4b4c3-1491-47dc-aadc-798f0b213c16",
    "data": [
      {
        "text": "yeah ",
        "userDefined": false
      },
      {
        "text": "sure",
        "meta": "@sys.ignore",
        "userDefined": true
      }
    ],
    "isTemplate": false,
    "count": 0,
    "updated": 0
  },
  {
    "id": "0109676c-41ae-44e0-871b-1016e0d47b94",
    "data": [
      {
        "text": "that\u0027s correct",
        "userDefined": false
      }
    ],
    "isTemplate": false,
    "count": 0,
    "updated": 0
  },
  {
    "id": "4a615098-2df0-4f2c-8099-507d2ad6d351",
    "data": [
      {
        "text": "yeah ",
        "userDefined": false
      },
      {
        "text": "I\u0027m",
        "meta": "@sys.ignore",
        "userDefined": true
      },
      {
        "text": " ",
        "userDefined": false
      },
      {
        "text": "sure",
        "meta": "@sys.ignore",
        "userDefined": true
      }
    ],
    "isTemplate": false,
    "count": 0,
    "updated": 0
  },
  {
    "id": "d7df999d-bbd1-4dec-a5c0-b371e6c41c40",
    "data": [
      {
        "text": "I ",
        "userDefined": false
      },
      {
        "text": "don\u0027",
        "meta": "@sys.ignore",
        "userDefined": true
      },
      {
        "text": "t mind",
        "userDefined": false
      }
    ],
    "isTemplate": false,
    "count": 0,
    "updated": 0
  },
  {
    "id": "e3009b1b-5c49-4ed8-af99-106a8253d1a4",
    "data": [
      {
        "text": "I think so",
        "userDefined": false
      }
    ],
    "isTemplate": false,
    "count": 0,
    "updated": 0
  },
  {
    "id": "64f43573-6e20-4925-99de-a530aae151ce",
    "data": [
      {
        "text": "that s okay",
        "userDefined": false
      }
    ],
    "isTemplate": false,
    "count": 0,
    "updated": 0
  },
  {
    "id": "9cce697e-f991-4e55-8c34-bb456a9f6bff",
    "data": [
      {
        "text": "yes you ",
        "userDefined": false
      },
      {
        "text": "may",
        "meta": "@sys.ignore",
        "userDefined": true
      }
    ],
    "isTemplate": false,
    "count": 0,
    "updated": 0
  },
  {
    "id": "f2b4e514-99b0-4842-8a65-8a810ddda7e5",
    "data": [
      {
        "text": "k",
        "userDefined": false
      }
    ],
    "isTemplate": false,
    "count": 1,
    "updated": 0
  },
  {
    "id": "edfda32f-7e69-4405-b423-a3d60ad9b275",
    "data": [
      {
        "text": "yes I do",
        "userDefined": false
      }
    ],
    "isTemplate": false,
    "count": 1,
    "updated": 0
  },
  {
    "id": "e736067b-54cb-4826-8e18-57c53e7c0799",
    "data": [
      {
        "text": "yeah ",
        "userDefined": false
      },
      {
        "text": "of",
        "meta": "@sys.ignore",
        "userDefined": true
      },
      {
        "text": " course",
        "userDefined": false
      }
    ],
    "isTemplate": false,
    "count": 0,
    "updated": 0
  },
  {
    "id": "ee89ef1b-7df9-4ce8-9015-971270a8a2d9",
    "data": [
      {
        "text": "yes ",
        "userDefined": false
      },
      {
        "text": "of",
        "meta": "@sys.ignore",
        "userDefined": true
      },
      {
        "text": " course",
        "userDefined": false
      }
    ],
    "isTemplate": false,
    "count": 0,
    "updated": 0
  },
  {
    "id": "02cf0167-db4b-44dc-9223-90ca8ac4daf4",
    "data": [
      {
        "text": "yes that\u0027s ",
        "userDefined": false
      },
      {
        "text": "fine",
        "meta": "@sys.ignore",
        "userDefined": true
      }
    ],
    "isTemplate": false,
    "count": 0,
    "updated": 0
  },
  {
    "id": "20dfcab5-60b5-449a-b349-7822e5f34d12",
    "data": [
      {
        "text": "of",
        "meta": "@sys.ignore",
        "userDefined": true
      },
      {
        "text": " course why not",
        "userDefined": false
      }
    ],
    "isTemplate": false,
    "count": 0,
    "updated": 0
  },
  {
    "id": "122e1542-bf50-4088-b28a-d28e07d6897f",
    "data": [
      {
        "text": "confirm",
        "userDefined": false
      }
    ],
    "isTemplate": false,
    "count": 0,
    "updated": 0
  },
  {
    "id": "86ddf008-4e43-47fc-b80a-ac52a4e9ba72",
    "data": [
      {
        "text": "sounds good",
        "userDefined": false
      }
    ],
    "isTemplate": false,
    "count": 0,
    "updated": 0
  },
  {
    "id": "0ad2c2a9-f627-43f2-b852-dcfe4ae94986",
    "data": [
      {
        "text": "exactly",
        "userDefined": false
      }
    ],
    "isTemplate": false,
    "count": 1,
    "updated": 0
  },
  {
    "id": "43edcc31-1229-4371-a2b5-6c5342ba7af6",
    "data": [
      {
        "text": "yes ",
        "userDefined": false
      },
      {
        "text": "for sure",
        "meta": "@sys.ignore",
        "userDefined": true
      }
    ],
    "isTemplate": false,
    "count": 0,
    "updated": 0
  },
  {
    "id": "eadbbe7a-4064-463e-a9dd-79a6734c17d1",
    "data": [
      {
        "text": "please do",
        "userDefined": false
      }
    ],
    "isTemplate": false,
    "count": 0,
    "updated": 0
  },
  {
    "id": "fe01dcf9-d6ed-4657-b935-3fcd8f457198",
    "data": [
      {
        "text": "correct",
        "userDefined": false
      }
    ],
    "isTemplate": false,
    "count": 1,
    "updated": 0
  }
]