[
  {
    "id": "dfeb87f5-e0a4-4174-aaa6-20b88d8f50b2",
    "data": [
      {
        "text": "I\u0027m already here",
        "userDefined": false
      }
    ],
    "isTemplate": false,
    "count": 0,
    "updated": 0
  },
  {
    "id": "1761c58e-7713-4013-9b14-036187388c4a",
    "data": [
      {
        "text": "I am here",
        "userDefined": false
      }
    ],
    "isTemplate": false,
    "count": 0,
    "updated": 0
  },
  {
    "id": "13049496-6aef-4e22-9431-efad79eda20c",
    "data": [
      {
        "text": "can you tell if I\u0027m here or not",
        "userDefined": false
      }
    ],
    "isTemplate": false,
    "count": 0,
    "updated": 0
  },
  {
    "id": "bb42489c-5153-4556-8346-a25915aa7b8a",
    "data": [
      {
        "text": "here I am",
        "userDefined": false
      }
    ],
    "isTemplate": false,
    "count": 0,
    "updated": 0
  },
  {
    "id": "6eb57f4b-4437-42b9-b32a-31cf33fcf77b",
    "data": [
      {
        "text": "I\u0027m right here",
        "userDefined": false
      }
    ],
    "isTemplate": false,
    "count": 0,
    "updated": 0
  }
]