[
  {
    "id": "52240c9d-eb0c-47a5-a758-d18bd42f6eca",
    "data": [
      {
        "text": "I\u0027m so ",
        "userDefined": false
      },
      {
        "text": "lonely",
        "meta": "@sys.ignore",
        "userDefined": false
      }
    ],
    "isTemplate": false,
    "count": 0,
    "updated": 0
  },
  {
    "id": "e06230d3-63dd-49b7-b2cf-4dc59f0b009b",
    "data": [
      {
        "text": "I ",
        "userDefined": false
      },
      {
        "text": "feel",
        "meta": "@sys.ignore",
        "userDefined": false
      },
      {
        "text": " ",
        "userDefined": false
      },
      {
        "text": "lonely",
        "meta": "@sys.ignore",
        "userDefined": false
      }
    ],
    "isTemplate": false,
    "count": 0,
    "updated": 0
  },
  {
    "id": "c624699b-59ee-4088-b351-5ab234a394cd",
    "data": [
      {
        "text": "I am feeling ",
        "userDefined": false
      },
      {
        "text": "lonely",
        "meta": "@sys.ignore",
        "userDefined": false
      }
    ],
    "isTemplate": false,
    "count": 0,
    "updated": 0
  },
  {
    "id": "8648cf3a-98b0-4100-b986-cc5e93487295",
    "data": [
      {
        "text": "I\u0027m really ",
        "userDefined": false
      },
      {
        "text": "lonely",
        "meta": "@sys.ignore",
        "userDefined": false
      }
    ],
    "isTemplate": false,
    "count": 0,
    "updated": 0
  },
  {
    "id": "abfe18e4-4d00-4408-bd7b-cfabd7d9cb6d",
    "data": [
      {
        "text": "I am ",
        "userDefined": false
      },
      {
        "text": "lonely",
        "meta": "@sys.ignore",
        "userDefined": false
      }
    ],
    "isTemplate": false,
    "count": 0,
    "updated": 0
  },
  {
    "id": "f89f63f9-3ec5-4eb2-8957-f2c801d2e180",
    "data": [
      {
        "text": "I\u0027m very ",
        "userDefined": false
      },
      {
        "text": "lonely",
        "meta": "@sys.ignore",
        "userDefined": false
      }
    ],
    "isTemplate": false,
    "count": 0,
    "updated": 0
  }
]