[
  {
    "id": "332e2bea-da07-45e8-a9ff-93e4dde40f64",
    "data": [
      {
        "text": "hugged me",
        "userDefined": false
      }
    ],
    "isTemplate": false,
    "count": 1,
    "updated": 0
  },
  {
    "id": "08e99f08-1cf1-4780-a35a-5fa954298ae7",
    "data": [
      {
        "text": "want a hug",
        "userDefined": false
      }
    ],
    "isTemplate": false,
    "count": 1,
    "updated": 0
  },
  {
    "id": "fabf0370-a48b-4e84-ba08-224c72bc6527",
    "data": [
      {
        "text": "you hugged",
        "userDefined": false
      }
    ],
    "isTemplate": false,
    "count": 0,
    "updated": 0
  },
  {
    "id": "25761641-4204-4f26-8884-0581c8f9fd0e",
    "data": [
      {
        "text": "hug you",
        "userDefined": false
      }
    ],
    "isTemplate": false,
    "count": 0,
    "updated": 0
  },
  {
    "id": "4acaadf0-3046-422e-a65e-c5bfea0123ef",
    "data": [
      {
        "text": "hugging me",
        "userDefined": false
      }
    ],
    "isTemplate": false,
    "count": 0,
    "updated": 0
  },
  {
    "id": "35cbff82-bbd5-4f95-88b1-aba9fb716bc5",
    "data": [
      {
        "text": "I want a hug",
        "userDefined": false
      }
    ],
    "isTemplate": false,
    "count": 0,
    "updated": 0
  },
  {
    "id": "6a8b32e8-48a5-4f3d-8784-ebf8a58a50b8",
    "data": [
      {
        "text": "wanna hug",
        "userDefined": false
      }
    ],
    "isTemplate": false,
    "count": 1,
    "updated": 0
  },
  {
    "id": "12345774-daa4-4536-bda4-50520fe48171",
    "data": [
      {
        "text": "do you want a hug",
        "userDefined": false
      }
    ],
    "isTemplate": false,
    "count": 0,
    "updated": 0
  },
  {
    "id": "f1dc816f-807b-427d-ac60-de34426d37bd",
    "data": [
      {
        "text": "hugged",
        "userDefined": false
      }
    ],
    "isTemplate": false,
    "count": 1,
    "updated": 0
  },
  {
    "id": "0fbff344-5ddc-4b01-8502-1ff9ef68188d",
    "data": [
      {
        "text": "a hug",
        "userDefined": false
      }
    ],
    "isTemplate": false,
    "count": 0,
    "updated": 0
  },
  {
    "id": "5c8e2f1d-8a6b-4dca-a322-4f70710ec518",
    "data": [
      {
        "text": "hug me",
        "userDefined": false
      }
    ],
    "isTemplate": false,
    "count": 1,
    "updated": 0
  },
  {
    "id": "b08b6e86-fafa-45c4-9f4d-3db99db681c2",
    "data": [
      {
        "text": "hug",
        "userDefined": false
      }
    ],
    "isTemplate": false,
    "count": 0,
    "updated": 0
  },
  {
    "id": "6cb1c456-f140-4047-8420-26aa79fb0e2e",
    "data": [
      {
        "text": "may I hug you",
        "userDefined": false
      }
    ],
    "isTemplate": false,
    "count": 1,
    "updated": 0
  },
  {
    "id": "88d5c320-be73-48bb-b86b-a8a4e2fa484c",
    "data": [
      {
        "text": "could you give ",
        "userDefined": false
      },
      {
        "text": "me",
        "meta": "@sys.ignore",
        "userDefined": false
      },
      {
        "text": " a hug",
        "userDefined": false
      }
    ],
    "isTemplate": false,
    "count": 0,
    "updated": 0
  },
  {
    "id": "68eea676-4408-4c0e-a898-83f61edc015f",
    "data": [
      {
        "text": "hugging",
        "userDefined": false
      }
    ],
    "isTemplate": false,
    "count": 0,
    "updated": 0
  }
]