[
  {
    "id": "9673a831-0c0c-4c3b-9362-164a39845602",
    "data": [
      {
        "text": "ha",
        "userDefined": false
      }
    ],
    "isTemplate": false,
    "count": 0,
    "updated": 0
  },
  {
    "id": "fff90111-a35f-4c12-a53b-be91dd050424",
    "data": [
      {
        "text": "hehehe",
        "userDefined": false
      }
    ],
    "isTemplate": false,
    "count": 0,
    "updated": 0
  },
  {
    "id": "ec4f44a7-0bb3-430b-89b8-5a6eac94069d",
    "data": [
      {
        "text": "hahaha",
        "userDefined": false
      }
    ],
    "isTemplate": false,
    "count": 1,
    "updated": 0
  },
  {
    "id": "e6584dd9-93c3-4710-bda4-c4da05c01397",
    "data": [
      {
        "text": "ahahah",
        "userDefined": false
      }
    ],
    "isTemplate": false,
    "count": 0,
    "updated": 0
  },
  {
    "id": "116d6814-70a7-4024-a4f0-4e22699284aa",
    "data": [
      {
        "text": "haha",
        "userDefined": false
      }
    ],
    "isTemplate": false,
    "count": 0,
    "updated": 0
  },
  {
    "id": "e26cc720-8a5b-4507-8125-5cd0e24329d1",
    "data": [
      {
        "text": "ha ha ha",
        "userDefined": false
      }
    ],
    "isTemplate": false,
    "count": 0,
    "updated": 0
  },
  {
    "id": "513efeac-33f2-4b54-ab54-d72b7f3566c9",
    "data": [
      {
        "text": "hah",
        "userDefined": false
      }
    ],
    "isTemplate": false,
    "count": 0,
    "updated": 0
  },
  {
    "id": "9213f563-25d2-4bf2-ba64-4b9a9906c863",
    "data": [
      {
        "text": "xd",
        "userDefined": false
      }
    ],
    "isTemplate": false,
    "count": 0,
    "updated": 0
  },
  {
    "id": "91c9d79d-303f-423c-a7d2-e3cc727a34f1",
    "data": [
      {
        "text": "haha haha haha",
        "userDefined": false
      }
    ],
    "isTemplate": false,
    "count": 0,
    "updated": 0
  },
  {
    "id": "5c9cb1ee-101f-462a-b47f-d8ee6ce7bba6",
    "data": [
      {
        "text": "ahahaha",
        "userDefined": false
      }
    ],
    "isTemplate": false,
    "count": 0,
    "updated": 0
  },
  {
    "id": "9c3c6bd0-98db-4c9a-a734-dc856d9012bd",
    "data": [
      {
        "text": "ah",
        "userDefined": false
      }
    ],
    "isTemplate": false,
    "count": 0,
    "updated": 0
  },
  {
    "id": "cd48d025-36ca-4f72-a1ad-9237ec951f5b",
    "data": [
      {
        "text": "lol",
        "userDefined": false
      }
    ],
    "isTemplate": false,
    "count": 0,
    "updated": 0
  },
  {
    "id": "4e1ffb51-2f41-4cdc-a3b9-bfcac4fd68fc",
    "data": [
      {
        "text": "LMAO",
        "userDefined": false
      }
    ],
    "isTemplate": false,
    "count": 1,
    "updated": 0
  },
  {
    "id": "c9cbe943-dd4b-4b6a-9c50-81c6927a8302",
    "data": [
      {
        "text": "hahaha very ",
        "userDefined": false
      },
      {
        "text": "funny",
        "meta": "@sys.ignore",
        "userDefined": false
      }
    ],
    "isTemplate": false,
    "count": 0,
    "updated": 0
  },
  {
    "id": "8fd6e6c4-d339-43df-a528-cdbe08edb234",
    "data": [
      {
        "text": "that\u0027s ",
        "userDefined": false
      },
      {
        "text": "funny",
        "meta": "@sys.ignore",
        "userDefined": true
      }
    ],
    "isTemplate": false,
    "count": 0,
    "updated": 0
  },
  {
    "id": "a5fe02bd-d31f-406c-ab7e-64e3be8fb757",
    "data": [
      {
        "text": "huh",
        "meta": "@sys.ignore",
        "userDefined": false
      }
    ],
    "isTemplate": false,
    "count": 0,
    "updated": 0
  },
  {
    "id": "08f7b772-3944-4185-8396-1a3c7f54ff55",
    "data": [
      {
        "text": "haha very ",
        "userDefined": false
      },
      {
        "text": "funny",
        "meta": "@sys.ignore",
        "userDefined": false
      }
    ],
    "isTemplate": false,
    "count": 0,
    "updated": 0
  },
  {
    "id": "6da41b94-9774-4a44-b1be-0a7f0c1247b4",
    "data": [
      {
        "text": "haha ",
        "userDefined": false
      },
      {
        "text": "funny",
        "meta": "@sys.ignore",
        "userDefined": false
      }
    ],
    "isTemplate": false,
    "count": 0,
    "updated": 0
  },
  {
    "id": "f346bd5e-e35f-4451-b516-69f598a3f440",
    "data": [
      {
        "text": "ha ha ha ha",
        "userDefined": false
      }
    ],
    "isTemplate": false,
    "count": 0,
    "updated": 0
  },
  {
    "id": "80503ff9-19c6-4d0a-ab4b-ef564d09b6b8",
    "data": [
      {
        "text": "ahah",
        "userDefined": false
      }
    ],
    "isTemplate": false,
    "count": 0,
    "updated": 0
  },
  {
    "id": "bc443c81-3494-41a6-a666-d251469cf932",
    "data": [
      {
        "text": "laughing out ",
        "userDefined": false
      },
      {
        "text": "loud",
        "meta": "@sys.ignore",
        "userDefined": true
      }
    ],
    "isTemplate": false,
    "count": 0,
    "updated": 0
  },
  {
    "id": "8b165667-d62e-423a-a9a1-e2aa6b93188f",
    "data": [
      {
        "text": "haha that\u0027s ",
        "userDefined": false
      },
      {
        "text": "funny",
        "meta": "@sys.ignore",
        "userDefined": false
      }
    ],
    "isTemplate": false,
    "count": 0,
    "updated": 0
  },
  {
    "id": "f3258a7b-b412-4d29-b1f6-839f96453ab0",
    "data": [
      {
        "text": "ahaha",
        "userDefined": false
      }
    ],
    "isTemplate": false,
    "count": 0,
    "updated": 0
  },
  {
    "id": "c8c00cc6-dc28-48d7-a445-b63be1460f24",
    "data": [
      {
        "text": "he",
        "userDefined": false
      }
    ],
    "isTemplate": false,
    "count": 0,
    "updated": 0
  },
  {
    "id": "29f1acc5-aefd-48a9-a3fa-03848ff2813b",
    "data": [
      {
        "text": "lmao",
        "userDefined": false
      }
    ],
    "isTemplate": false,
    "count": 0,
    "updated": 0
  },
  {
    "id": "2c3928a4-7b3e-443c-9fa3-879c37ab051e",
    "data": [
      {
        "text": "hahaha ",
        "userDefined": false
      },
      {
        "text": "funny",
        "meta": "@sys.ignore",
        "userDefined": false
      }
    ],
    "isTemplate": false,
    "count": 0,
    "updated": 0
  },
  {
    "id": "7462c65f-af59-4755-9595-67ece4d0cdd0",
    "data": [
      {
        "text": "ahah lol",
        "userDefined": false
      }
    ],
    "isTemplate": false,
    "count": 0,
    "updated": 0
  },
  {
    "id": "02b260e7-6a5e-4e1a-9ad6-308f01edff07",
    "data": [
      {
        "text": "ha ha",
        "userDefined": false
      }
    ],
    "isTemplate": false,
    "count": 0,
    "updated": 0
  },
  {
    "id": "f4e9e94c-ff29-418f-b873-659c9ffb9454",
    "data": [
      {
        "text": "hehe",
        "userDefined": false
      }
    ],
    "isTemplate": false,
    "count": 0,
    "updated": 0
  },
  {
    "id": "1bbb163c-bd88-40a4-a814-4f55f2b521a1",
    "data": [
      {
        "text": "ah ah ah",
        "userDefined": false
      }
    ],
    "isTemplate": false,
    "count": 0,
    "updated": 0
  }
]