[
  {
    "id": "d164d9fd-f502-428c-82ca-7e33f46bfbbc",
    "data": [
      {
        "text": "thank you",
        "meta": "@sys.ignore",
        "userDefined": true
      },
      {
        "text": " so much",
        "userDefined": false
      }
    ],
    "isTemplate": false,
    "count": 0,
    "updated": 0
  },
  {
    "id": "3a63a429-b69b-4939-a718-224a0f0f4215",
    "data": [
      {
        "text": "all thank you",
        "userDefined": false
      }
    ],
    "isTemplate": false,
    "count": 1,
    "updated": 0
  },
  {
    "id": "b55869a3-224c-45c6-9ae0-57834dcf253f",
    "data": [
      {
        "text": "thanks again",
        "userDefined": false
      }
    ],
    "isTemplate": false,
    "count": 0,
    "updated": 0
  },
  {
    "id": "038d40e8-c1c2-4142-95ad-872c7a9c9453",
    "data": [
      {
        "text": "well thank you",
        "userDefined": false
      }
    ],
    "isTemplate": false,
    "count": 0,
    "updated": 0
  },
  {
    "id": "067e289f-6587-4102-a438-97457c7c30ce",
    "data": [
      {
        "text": "thank you",
        "meta": "@sys.ignore",
        "userDefined": true
      },
      {
        "text": " that ",
        "userDefined": false
      },
      {
        "text": "will",
        "meta": "@sys.ignore",
        "userDefined": true
      },
      {
        "text": " be ",
        "userDefined": false
      },
      {
        "text": "all",
        "meta": "@sys.ignore",
        "userDefined": true
      }
    ],
    "isTemplate": false,
    "count": 0,
    "updated": 0
  },
  {
    "id": "d1ecb29e-2c90-45a9-9f19-54c71f583d5d",
    "data": [
      {
        "text": "thank you",
        "userDefined": false
      }
    ],
    "isTemplate": false,
    "count": 0,
    "updated": 0
  },
  {
    "id": "3c3ca67b-3924-49a2-93d2-ad6d745d4176",
    "data": [
      {
        "text": "thnx",
        "userDefined": false
      }
    ],
    "isTemplate": false,
    "count": 0,
    "updated": 0
  },
  {
    "id": "38cd63b8-99d9-4fba-86c6-362560f55f91",
    "data": [
      {
        "text": "perfect thank you",
        "userDefined": false
      }
    ],
    "isTemplate": false,
    "count": 0,
    "updated": 0
  },
  {
    "id": "aa911c31-4b36-4c3a-a699-1a30547f99c0",
    "data": [
      {
        "text": "I ",
        "userDefined": false
      },
      {
        "text": "thank you",
        "meta": "@sys.ignore",
        "userDefined": true
      }
    ],
    "isTemplate": false,
    "count": 0,
    "updated": 0
  },
  {
    "id": "3dd969d4-d35f-40c6-bcd9-946ab9b0e410",
    "data": [
      {
        "text": "appreciate your help",
        "userDefined": false
      }
    ],
    "isTemplate": false,
    "count": 0,
    "updated": 0
  },
  {
    "id": "5c6d80e1-9273-470a-bea1-c825b79b356f",
    "data": [
      {
        "text": "thank you",
        "meta": "@sys.ignore",
        "userDefined": true
      },
      {
        "text": " ",
        "userDefined": false
      },
      {
        "text": "my friend",
        "meta": "@sys.ignore",
        "userDefined": true
      }
    ],
    "isTemplate": false,
    "count": 0,
    "updated": 0
  },
  {
    "id": "70ab8469-c98b-4d3f-a969-8b346824496b",
    "data": [
      {
        "text": "thanks buddy",
        "userDefined": false
      }
    ],
    "isTemplate": false,
    "count": 0,
    "updated": 0
  },
  {
    "id": "7237998b-abdc-4fee-9610-4a7f2eb664b7",
    "data": [
      {
        "text": "you helped a lot ",
        "userDefined": false
      },
      {
        "text": "thank you",
        "meta": "@sys.ignore",
        "userDefined": true
      }
    ],
    "isTemplate": false,
    "count": 1,
    "updated": 0
  },
  {
    "id": "b22b66ad-f69d-405c-b4bd-2aaa8cca7e5d",
    "data": [
      {
        "text": "so ",
        "userDefined": false
      },
      {
        "text": "nice",
        "meta": "@sys.ignore",
        "userDefined": true
      },
      {
        "text": " of you",
        "userDefined": false
      }
    ],
    "isTemplate": false,
    "count": 0,
    "updated": 0
  },
  {
    "id": "b9db1aae-8710-49bb-889c-a0750ef2b237",
    "data": [
      {
        "text": "I appreciate ",
        "userDefined": false
      },
      {
        "text": "it",
        "meta": "@sys.ignore",
        "userDefined": true
      }
    ],
    "isTemplate": false,
    "count": 0,
    "updated": 0
  },
  {
    "id": "21d0aa6f-3ba5-476f-a54c-7c6ee2c2491f",
    "data": [
      {
        "text": "good",
        "meta": "@sys.ignore",
        "userDefined": true
      },
      {
        "text": " thanks",
        "userDefined": false
      }
    ],
    "isTemplate": false,
    "count": 0,
    "updated": 0
  },
  {
    "id": "5a917d58-fe5a-4ca8-bf1e-e0dd384eafc0",
    "data": [
      {
        "text": "cheers",
        "meta": "@sys.ignore",
        "userDefined": true
      }
    ],
    "isTemplate": false,
    "count": 0,
    "updated": 0
  },
  {
    "id": "2efaf868-f3e4-4d91-99b2-5bdb5cf21949",
    "data": [
      {
        "text": "thanks a lot",
        "userDefined": false
      }
    ],
    "isTemplate": false,
    "count": 0,
    "updated": 0
  },
  {
    "id": "cb7e076d-9294-48e5-9ed6-c2c53b347d8f",
    "data": [
      {
        "text": "well thanks",
        "userDefined": false
      }
    ],
    "isTemplate": false,
    "count": 0,
    "updated": 0
  },
  {
    "id": "6942b64b-dd37-4fcb-90cc-eaa11fa10620",
    "data": [
      {
        "text": "no ",
        "userDefined": false
      },
      {
        "text": "thank you",
        "meta": "@sys.ignore",
        "userDefined": true
      },
      {
        "text": " that\u0027s ",
        "userDefined": false
      },
      {
        "text": "all",
        "meta": "@sys.ignore",
        "userDefined": true
      }
    ],
    "isTemplate": false,
    "count": 0,
    "updated": 0
  },
  {
    "id": "e43a3d77-93e4-4b38-9ee1-aabc8edafabf",
    "data": [
      {
        "text": "thanks ",
        "userDefined": false
      },
      {
        "text": "love",
        "meta": "@sys.ignore",
        "userDefined": true
      }
    ],
    "isTemplate": false,
    "count": 0,
    "updated": 0
  },
  {
    "id": "0eb02e38-5193-4de0-bf0b-418b38b1cbc5",
    "data": [
      {
        "text": "great ",
        "userDefined": false
      },
      {
        "text": "thank you",
        "meta": "@sys.ignore",
        "userDefined": true
      }
    ],
    "isTemplate": false,
    "count": 0,
    "updated": 0
  },
  {
    "id": "0541f79a-aeff-4866-a5f1-99ff00601241",
    "data": [
      {
        "text": "thank you",
        "meta": "@sys.ignore",
        "userDefined": true
      },
      {
        "text": " again",
        "userDefined": false
      }
    ],
    "isTemplate": false,
    "count": 0,
    "updated": 0
  },
  {
    "id": "3a15d9a1-2335-4823-bdde-f00bb20edcd4",
    "data": [
      {
        "text": "well",
        "meta": "@sys.ignore",
        "userDefined": true
      },
      {
        "text": " thanks",
        "userDefined": false
      }
    ],
    "isTemplate": false,
    "count": 0,
    "updated": 0
  },
  {
    "id": "daacf398-488b-44f0-b2ea-64e6b8324417",
    "data": [
      {
        "text": "thanks for ",
        "userDefined": false
      },
      {
        "text": "your",
        "meta": "@sys.ignore",
        "userDefined": true
      },
      {
        "text": " help",
        "userDefined": false
      }
    ],
    "isTemplate": false,
    "count": 0,
    "updated": 0
  },
  {
    "id": "9a7fba34-acaa-483b-a631-9a93835464c8",
    "data": [
      {
        "text": "very ",
        "userDefined": false
      },
      {
        "text": "good",
        "meta": "@sys.ignore",
        "userDefined": true
      },
      {
        "text": " ",
        "userDefined": false
      },
      {
        "text": "thank you",
        "meta": "@sys.ignore",
        "userDefined": true
      }
    ],
    "isTemplate": false,
    "count": 0,
    "updated": 0
  },
  {
    "id": "20aa790e-4e72-47dd-b5f9-a98fec75b565",
    "data": [
      {
        "text": "alright thanks",
        "userDefined": false
      }
    ],
    "isTemplate": false,
    "count": 0,
    "updated": 0
  },
  {
    "id": "1c1514aa-80f2-4a5c-8116-cb7e8494e3e7",
    "data": [
      {
        "text": "alright ",
        "userDefined": false
      },
      {
        "text": "thank you",
        "meta": "@sys.ignore",
        "userDefined": true
      }
    ],
    "isTemplate": false,
    "count": 1,
    "updated": 0
  },
  {
    "id": "1fa5c9b7-22de-443d-a174-1df2d8f46a6e",
    "data": [
      {
        "text": "thanks",
        "userDefined": false
      }
    ],
    "isTemplate": false,
    "count": 0,
    "updated": 0
  },
  {
    "id": "09c2de2f-eea7-4877-8642-79ba3c833e9f",
    "data": [
      {
        "text": "thanks so much",
        "userDefined": false
      }
    ],
    "isTemplate": false,
    "count": 0,
    "updated": 0
  },
  {
    "id": "983d7a9e-367c-4494-80a5-6bb06dcc29a6",
    "data": [
      {
        "text": "nice",
        "meta": "@sys.ignore",
        "userDefined": true
      },
      {
        "text": " ",
        "userDefined": false
      },
      {
        "text": "thank you",
        "meta": "@sys.ignore",
        "userDefined": true
      }
    ],
    "isTemplate": false,
    "count": 0,
    "updated": 0
  },
  {
    "id": "850a990d-5ded-4e8f-abfb-0954233eb590",
    "data": [
      {
        "text": "thank you",
        "meta": "@sys.ignore",
        "userDefined": true
      },
      {
        "text": " for ",
        "userDefined": false
      },
      {
        "text": "your",
        "meta": "@sys.ignore",
        "userDefined": true
      },
      {
        "text": " help",
        "userDefined": false
      }
    ],
    "isTemplate": false,
    "count": 1,
    "updated": 0
  },
  {
    "id": "abc8dee0-c72f-4f73-986c-82e327c94b31",
    "data": [
      {
        "text": "thank you",
        "meta": "@sys.ignore",
        "userDefined": true
      }
    ],
    "isTemplate": false,
    "count": 0,
    "updated": 0
  },
  {
    "id": "4d3b8d32-0e30-4e39-93fe-b723a11fd95b",
    "data": [
      {
        "text": "thanx",
        "userDefined": false
      }
    ],
    "isTemplate": false,
    "count": 0,
    "updated": 0
  },
  {
    "id": "ce3a59af-87f7-4fd1-bfcb-31415f80f146",
    "data": [
      {
        "text": "terrific ",
        "userDefined": false
      },
      {
        "text": "thank you",
        "meta": "@sys.ignore",
        "userDefined": true
      }
    ],
    "isTemplate": false,
    "count": 0,
    "updated": 0
  }
]